CREATE DATABASE `feetshoesdb` DEFAULT CHARACTER SET utf8;

USE `feetshoesdb`;

CREATE TABLE `tb_cliente` (
  `ID_CLI` decimal(10,0) NOT NULL,
  `NOME_CLI` char(50) NOT NULL,
  `END` char(100) NOT NULL,
  `CPF` char(14) NOT NULL,
  `CIDADE` char(30) NOT NULL,
  `UF` char(2) NOT NULL,
  `CEP` char(11) NOT NULL,
  `EMAIL` char(30) NOT NULL,
  `SENHA` char(10) NOT NULL,
  PRIMARY KEY (`ID_CLI`)
) ENGINE=InnoDB DEFAULT CHARSET=utf8;

--
-- INSERE CLIENTES
--
INSERT INTO TB_CLIENTE (ID_CLI, NOME_CLI, END, CPF, CIDADE, UF, CEP, EMAIL, SENHA) VALUES (1,'Darcele Christo Leão','Av Vicente de Carvalho, 249 apto 302 - Vaz Lobo','165.918.207-79','Rio de Janeiro','RJ','21371-121','darcele.leao@gmail.com','123');

CREATE TABLE `tb_forma_pag` (
  `ID_FORMA_PAG` decimal(10,0) NOT NULL,
  `NOME_FORMA_PAG` char(100) NOT NULL,
  PRIMARY KEY (`ID_FORMA_PAG`)
) ENGINE=InnoDB DEFAULT CHARSET=utf8;
--
-- INSERE AS FORMAS DE PAGAMENTO ACEITAS PELA LOJA
--
INSERT INTO TB_FORMA_PAG (ID_FORMA_PAG, NOME_FORMA_PAG) VALUES (1, 'BOLETO');
INSERT INTO TB_FORMA_PAG (ID_FORMA_PAG, NOME_FORMA_PAG) VALUES (2, 'CARTÃO DE CRÉDITO');
INSERT INTO TB_FORMA_PAG (ID_FORMA_PAG, NOME_FORMA_PAG) VALUES (3, 'CARTÃO DE DÉBITO');

CREATE TABLE `tb_compra` (
  `ID_COMPRA` decimal(10,0) NOT NULL,
  `ID_CLI` decimal(10,0) NOT NULL,
  `VALOR_COMPRA` decimal(10,0) NOT NULL,
  `ID_FORMA_PAG` decimal(10,0) NOT NULL,
  PRIMARY KEY (`ID_COMPRA`),
  KEY `tb_compra_fk0` (`ID_CLI`),
  KEY `tb_compra_fk1` (`ID_FORMA_PAG`),
  CONSTRAINT `tb_compra_fk0` FOREIGN KEY (`ID_CLI`) REFERENCES `tb_cliente` (`ID_CLI`),
  CONSTRAINT `tb_compra_fk1` FOREIGN KEY (`ID_FORMA_PAG`) REFERENCES `tb_forma_pag` (`ID_FORMA_PAG`)
) ENGINE=InnoDB DEFAULT CHARSET=utf8;

CREATE TABLE `tb_cor` (
  `ID_COR` decimal(10,0) NOT NULL,
  `NOME_COR` char(100) NOT NULL,
  PRIMARY KEY (`ID_COR`)
) ENGINE=InnoDB DEFAULT CHARSET=utf8;
--
-- INSERE AS CORES POSSÍVEIS DOS CALÇADOS COMERCIALIZADOS
--
INSERT INTO TB_COR (ID_COR, NOME_COR) VALUES (1, 'PRETO');
INSERT INTO TB_COR (ID_COR, NOME_COR) VALUES (2, 'MARROM');
INSERT INTO TB_COR (ID_COR, NOME_COR) VALUES (3, 'CINZA');
INSERT INTO TB_COR (ID_COR, NOME_COR) VALUES (4, 'AZUL');
INSERT INTO TB_COR (ID_COR, NOME_COR) VALUES (5, 'NUDE');
INSERT INTO TB_COR (ID_COR, NOME_COR) VALUES (6, 'VERMELHO');
INSERT INTO TB_COR (ID_COR, NOME_COR) VALUES (7, 'BRANCO');
INSERT INTO TB_COR (ID_COR, NOME_COR) VALUES (8, 'ESTAMPADO');
INSERT INTO TB_COR (ID_COR, NOME_COR) VALUES (9, 'BEGE');
INSERT INTO TB_COR (ID_COR, NOME_COR) VALUES (10, 'PRATA');
INSERT INTO TB_COR (ID_COR, NOME_COR) VALUES (11, 'CAMEL');
INSERT INTO TB_COR (ID_COR, NOME_COR) VALUES (12, 'AMARELO');
INSERT INTO TB_COR (ID_COR, NOME_COR) VALUES (13, 'VERDE MILITAR');
INSERT INTO TB_COR (ID_COR, NOME_COR) VALUES (14, 'LARANJA');
INSERT INTO TB_COR (ID_COR, NOME_COR) VALUES (15, 'ROSA');

CREATE TABLE `tb_marca` (
  `ID_MARCA` decimal(10,0) NOT NULL,
  `NOME_MARCA` char(100) NOT NULL,
  PRIMARY KEY (`ID_MARCA`)
) ENGINE=InnoDB DEFAULT CHARSET=utf8;
--
-- INSERE AS MARCAS COMERCIALIZADAS
--
INSERT INTO TB_MARCA (ID_MARCA, NOME_MARCA) VALUES (1, 'ADIDAS');
INSERT INTO TB_MARCA (ID_MARCA, NOME_MARCA) VALUES (2, 'BASICS');
INSERT INTO TB_MARCA (ID_MARCA, NOME_MARCA) VALUES (3, 'AZALEA');
INSERT INTO TB_MARCA (ID_MARCA, NOME_MARCA) VALUES (4, 'BEIRA RIO');
INSERT INTO TB_MARCA (ID_MARCA, NOME_MARCA) VALUES (5, 'CAPRICHO');
INSERT INTO TB_MARCA (ID_MARCA, NOME_MARCA) VALUES (6, 'CARTAGO');
INSERT INTO TB_MARCA (ID_MARCA, NOME_MARCA) VALUES (7, 'NIKE');
INSERT INTO TB_MARCA (ID_MARCA, NOME_MARCA) VALUES (8, 'DI SANTINNI');
INSERT INTO TB_MARCA (ID_MARCA, NOME_MARCA) VALUES (9, 'IPANEMA');
INSERT INTO TB_MARCA (ID_MARCA, NOME_MARCA) VALUES (10, 'MOLECA');
INSERT INTO TB_MARCA (ID_MARCA, NOME_MARCA) VALUES (11, 'MOONCITY');
INSERT INTO TB_MARCA (ID_MARCA, NOME_MARCA) VALUES (12, 'NADIA TALITA');
INSERT INTO TB_MARCA (ID_MARCA, NOME_MARCA) VALUES (13, 'OLYMPICUS');
INSERT INTO TB_MARCA (ID_MARCA, NOME_MARCA) VALUES (14, 'VIZZANO');
INSERT INTO TB_MARCA (ID_MARCA, NOME_MARCA) VALUES (15, 'YKES');
INSERT INTO TB_MARCA (ID_MARCA, NOME_MARCA) VALUES (16, 'SOUZA MELO');
INSERT INTO TB_MARCA (ID_MARCA, NOME_MARCA) VALUES (17, 'PENALTY');
INSERT INTO TB_MARCA (ID_MARCA, NOME_MARCA) VALUES (18, 'UMBRO');
INSERT INTO TB_MARCA (ID_MARCA, NOME_MARCA) VALUES (19, 'ADIDAS');
INSERT INTO TB_MARCA (ID_MARCA, NOME_MARCA) VALUES (20, 'GRENDENE');
INSERT INTO TB_MARCA (ID_MARCA, NOME_MARCA) VALUES (21, 'STEPHEN JOSEPH');
INSERT INTO TB_MARCA (ID_MARCA, NOME_MARCA) VALUES (22, 'RICSEN');
INSERT INTO TB_MARCA (ID_MARCA, NOME_MARCA) VALUES (23, 'ASICS');
INSERT INTO TB_MARCA (ID_MARCA, NOME_MARCA) VALUES (24, 'WONDER');
INSERT INTO TB_MARCA (ID_MARCA, NOME_MARCA) VALUES (25, 'HAVAYANAS');

CREATE TABLE `tb_publico` (
  `ID_PUBLICO` decimal(10,0) NOT NULL,
  `NOME_PUBLICO` char(100) NOT NULL,
  PRIMARY KEY (`ID_PUBLICO`)
) ENGINE=InnoDB DEFAULT CHARSET=utf8;
--
-- INSERE O PÚBLICO CONSUMIDOR
--
INSERT INTO TB_PUBLICO (ID_PUBLICO, NOME_PUBLICO) VALUES (1, 'MASCULINO');
INSERT INTO TB_PUBLICO (ID_PUBLICO, NOME_PUBLICO) VALUES (2, 'FEMININO');
INSERT INTO TB_PUBLICO (ID_PUBLICO, NOME_PUBLICO) VALUES (3, 'INFANTIL');

CREATE TABLE `tb_tipo` (
  `ID_TIPO` decimal(10,0) NOT NULL,
  `NOME_TIPO` varchar(20) NOT NULL,
  PRIMARY KEY (`ID_TIPO`)
) ENGINE=InnoDB DEFAULT CHARSET=utf8;
--
-- INSERE OS TIPOS DE CALÇADOS COMERCIALIZADOS NA LOJA
--
INSERT INTO TB_TIPO (ID_TIPO, NOME_TIPO) VALUES (1, 'BOTA');
INSERT INTO TB_TIPO (ID_TIPO, NOME_TIPO) VALUES (2, 'TAMANCO');
INSERT INTO TB_TIPO (ID_TIPO, NOME_TIPO) VALUES (3, 'SCARPIN');
INSERT INTO TB_TIPO (ID_TIPO, NOME_TIPO) VALUES (4, 'SAPATO');
INSERT INTO TB_TIPO (ID_TIPO, NOME_TIPO) VALUES (5, 'TÊNIS');
INSERT INTO TB_TIPO (ID_TIPO, NOME_TIPO) VALUES (6, 'SANDÁLIA');
INSERT INTO TB_TIPO (ID_TIPO, NOME_TIPO) VALUES (7, 'CHINELO');
INSERT INTO TB_TIPO (ID_TIPO, NOME_TIPO) VALUES (8, 'CONFORT LINE');
INSERT INTO TB_TIPO (ID_TIPO, NOME_TIPO) VALUES (9, 'ANABELA');
INSERT INTO TB_TIPO (ID_TIPO, NOME_TIPO) VALUES (10, 'CHUTEIRA');
INSERT INTO TB_TIPO (ID_TIPO, NOME_TIPO) VALUES (11, 'PANTUFA');

CREATE TABLE `tb_tamanho` (
  `ID_TAMANHO` decimal(10,0) NOT NULL,
  `NUM_TAMANHO` decimal(2,0) NOT NULL,
  PRIMARY KEY (`ID_TAMANHO`)
) ENGINE=InnoDB DEFAULT CHARSET=utf8;
--
-- INSERE OS TAMANHOS COMERCIALIZADOS E PARA FACILITAR DEIXA O ID IGUAL AO TAMANHO
--
INSERT INTO TB_TAMANHO (ID_TAMANHO, NUM_TAMANHO) VALUES (15, 15);
INSERT INTO TB_TAMANHO (ID_TAMANHO, NUM_TAMANHO) VALUES (16, 16);
INSERT INTO TB_TAMANHO (ID_TAMANHO, NUM_TAMANHO) VALUES (17, 17);
INSERT INTO TB_TAMANHO (ID_TAMANHO, NUM_TAMANHO) VALUES (18, 18);
INSERT INTO TB_TAMANHO (ID_TAMANHO, NUM_TAMANHO) VALUES (19, 19);
INSERT INTO TB_TAMANHO (ID_TAMANHO, NUM_TAMANHO) VALUES (20, 20);
INSERT INTO TB_TAMANHO (ID_TAMANHO, NUM_TAMANHO) VALUES (21, 21);
INSERT INTO TB_TAMANHO (ID_TAMANHO, NUM_TAMANHO) VALUES (22, 22);
INSERT INTO TB_TAMANHO (ID_TAMANHO, NUM_TAMANHO) VALUES (23, 23);
INSERT INTO TB_TAMANHO (ID_TAMANHO, NUM_TAMANHO) VALUES (24, 24);
INSERT INTO TB_TAMANHO (ID_TAMANHO, NUM_TAMANHO) VALUES (25, 25);
INSERT INTO TB_TAMANHO (ID_TAMANHO, NUM_TAMANHO) VALUES (26, 26);
INSERT INTO TB_TAMANHO (ID_TAMANHO, NUM_TAMANHO) VALUES (27, 27);
INSERT INTO TB_TAMANHO (ID_TAMANHO, NUM_TAMANHO) VALUES (28, 28);
INSERT INTO TB_TAMANHO (ID_TAMANHO, NUM_TAMANHO) VALUES (29, 29);
INSERT INTO TB_TAMANHO (ID_TAMANHO, NUM_TAMANHO) VALUES (30, 30);
INSERT INTO TB_TAMANHO (ID_TAMANHO, NUM_TAMANHO) VALUES (31, 31);
INSERT INTO TB_TAMANHO (ID_TAMANHO, NUM_TAMANHO) VALUES (32, 32);
INSERT INTO TB_TAMANHO (ID_TAMANHO, NUM_TAMANHO) VALUES (33, 33);
INSERT INTO TB_TAMANHO (ID_TAMANHO, NUM_TAMANHO) VALUES (34, 34);
INSERT INTO TB_TAMANHO (ID_TAMANHO, NUM_TAMANHO) VALUES (35, 35);
INSERT INTO TB_TAMANHO (ID_TAMANHO, NUM_TAMANHO) VALUES (36, 36);
INSERT INTO TB_TAMANHO (ID_TAMANHO, NUM_TAMANHO) VALUES (37, 37);
INSERT INTO TB_TAMANHO (ID_TAMANHO, NUM_TAMANHO) VALUES (38, 38);
INSERT INTO TB_TAMANHO (ID_TAMANHO, NUM_TAMANHO) VALUES (39, 39);
INSERT INTO TB_TAMANHO (ID_TAMANHO, NUM_TAMANHO) VALUES (40, 40);
INSERT INTO TB_TAMANHO (ID_TAMANHO, NUM_TAMANHO) VALUES (41, 41);
INSERT INTO TB_TAMANHO (ID_TAMANHO, NUM_TAMANHO) VALUES (42, 42);
INSERT INTO TB_TAMANHO (ID_TAMANHO, NUM_TAMANHO) VALUES (43, 43);
INSERT INTO TB_TAMANHO (ID_TAMANHO, NUM_TAMANHO) VALUES (44, 44);
INSERT INTO TB_TAMANHO (ID_TAMANHO, NUM_TAMANHO) VALUES (45, 45);
INSERT INTO TB_TAMANHO (ID_TAMANHO, NUM_TAMANHO) VALUES (46, 46);
INSERT INTO TB_TAMANHO (ID_TAMANHO, NUM_TAMANHO) VALUES (47, 47);
INSERT INTO TB_TAMANHO (ID_TAMANHO, NUM_TAMANHO) VALUES (48, 48);

CREATE TABLE `tb_produto` (
  `ID_PRO` decimal(10,0) NOT NULL,
  `NOME_PRO` char(100) NOT NULL,
  `PRECO_PRO` float NOT NULL,
  `DESCRICAO` char(250) NOT NULL,
  `ID_MARCA` decimal(10,0) NOT NULL,
  `ID_TIPO` decimal(10,0) NOT NULL,
  `ID_PUBLICO` decimal(10,0) NOT NULL,
  PRIMARY KEY (`ID_PRO`),
  KEY `tb_produto_fk0` (`ID_MARCA`),
  KEY `tb_produto_fk1` (`ID_PUBLICO`),
  KEY `tb_produto_fk2` (`ID_TIPO`),
  CONSTRAINT `tb_produto_fk0` FOREIGN KEY (`ID_MARCA`) REFERENCES `tb_marca` (`ID_MARCA`),
  CONSTRAINT `tb_produto_fk1` FOREIGN KEY (`ID_PUBLICO`) REFERENCES `tb_publico` (`ID_PUBLICO`),
  CONSTRAINT `tb_produto_fk2` FOREIGN KEY (`ID_TIPO`) REFERENCES `tb_tipo` (`ID_TIPO`)
) ENGINE=InnoDB DEFAULT CHARSET=utf8;
--
-- INSERE PRODUTOS
--
INSERT INTO TB_PRODUTO (ID_PRO, NOME_PRO, PRECO_PRO, DESCRICAO, ID_MARCA, ID_TIPO, ID_PUBLICO) VALUES (1,'Sapato Scarpin Vizzano',89.99,'O Scarpin Vizzano arremata seu visual com um duplo estilo: ele é o básico que veste os dias de trabalho e perfeito para o happy hour em seguida. Produzido em camurça sintética, bico fino, salto alto 7 cm.',14,3,2);
-- VALORES FAKE PARA CARGA DA BASE
INSERT INTO TB_PRODUTO (ID_PRO, NOME_PRO, PRECO_PRO, DESCRICAO, ID_MARCA, ID_TIPO, ID_PUBLICO) VALUES (2,'Nome do Produto',99.99,'Descrição do Produto.',14,3,2);
INSERT INTO TB_PRODUTO (ID_PRO, NOME_PRO, PRECO_PRO, DESCRICAO, ID_MARCA, ID_TIPO, ID_PUBLICO) VALUES (3,'Nome do Produto',99.99,'Descrição do Produto.',14,3,2);
INSERT INTO TB_PRODUTO (ID_PRO, NOME_PRO, PRECO_PRO, DESCRICAO, ID_MARCA, ID_TIPO, ID_PUBLICO) VALUES (4,'Nome do Produto',99.99,'Descrição do Produto.',14,3,2);
INSERT INTO TB_PRODUTO (ID_PRO, NOME_PRO, PRECO_PRO, DESCRICAO, ID_MARCA, ID_TIPO, ID_PUBLICO) VALUES (5,'Nome do Produto',99.99,'Descrição do Produto.',14,3,2);
INSERT INTO TB_PRODUTO (ID_PRO, NOME_PRO, PRECO_PRO, DESCRICAO, ID_MARCA, ID_TIPO, ID_PUBLICO) VALUES (6,'Nome do Produto',99.99,'Descrição do Produto.',14,3,2);
INSERT INTO TB_PRODUTO (ID_PRO, NOME_PRO, PRECO_PRO, DESCRICAO, ID_MARCA, ID_TIPO, ID_PUBLICO) VALUES (7,'Nome do Produto',99.99,'Descrição do Produto.',14,3,2);
INSERT INTO TB_PRODUTO (ID_PRO, NOME_PRO, PRECO_PRO, DESCRICAO, ID_MARCA, ID_TIPO, ID_PUBLICO) VALUES (8,'Nome do Produto',99.99,'Descrição do Produto.',14,3,2);
INSERT INTO TB_PRODUTO (ID_PRO, NOME_PRO, PRECO_PRO, DESCRICAO, ID_MARCA, ID_TIPO, ID_PUBLICO) VALUES (9,'Nome do Produto',99.99,'Descrição do Produto.',14,3,2);
INSERT INTO TB_PRODUTO (ID_PRO, NOME_PRO, PRECO_PRO, DESCRICAO, ID_MARCA, ID_TIPO, ID_PUBLICO) VALUES (10,'Nome do Produto',99.99,'Descrição do Produto.',14,3,2);
INSERT INTO TB_PRODUTO (ID_PRO, NOME_PRO, PRECO_PRO, DESCRICAO, ID_MARCA, ID_TIPO, ID_PUBLICO) VALUES (11,'Nome do Produto',99.99,'Descrição do Produto.',14,3,2);
INSERT INTO TB_PRODUTO (ID_PRO, NOME_PRO, PRECO_PRO, DESCRICAO, ID_MARCA, ID_TIPO, ID_PUBLICO) VALUES (12,'Nome do Produto',99.99,'Descrição do Produto.',14,3,2);
INSERT INTO TB_PRODUTO (ID_PRO, NOME_PRO, PRECO_PRO, DESCRICAO, ID_MARCA, ID_TIPO, ID_PUBLICO) VALUES (13,'Nome do Produto',99.99,'Descrição do Produto.',14,3,2);
INSERT INTO TB_PRODUTO (ID_PRO, NOME_PRO, PRECO_PRO, DESCRICAO, ID_MARCA, ID_TIPO, ID_PUBLICO) VALUES (14,'Nome do Produto',99.99,'Descrição do Produto.',14,3,2);
INSERT INTO TB_PRODUTO (ID_PRO, NOME_PRO, PRECO_PRO, DESCRICAO, ID_MARCA, ID_TIPO, ID_PUBLICO) VALUES (15,'Nome do Produto',99.99,'Descrição do Produto.',14,3,2);
INSERT INTO TB_PRODUTO (ID_PRO, NOME_PRO, PRECO_PRO, DESCRICAO, ID_MARCA, ID_TIPO, ID_PUBLICO) VALUES (16,'Nome do Produto',99.99,'Descrição do Produto.',14,3,2);
INSERT INTO TB_PRODUTO (ID_PRO, NOME_PRO, PRECO_PRO, DESCRICAO, ID_MARCA, ID_TIPO, ID_PUBLICO) VALUES (17,'Nome do Produto',99.99,'Descrição do Produto.',14,3,2);
INSERT INTO TB_PRODUTO (ID_PRO, NOME_PRO, PRECO_PRO, DESCRICAO, ID_MARCA, ID_TIPO, ID_PUBLICO) VALUES (18,'Nome do Produto',99.99,'Descrição do Produto.',14,3,2);
INSERT INTO TB_PRODUTO (ID_PRO, NOME_PRO, PRECO_PRO, DESCRICAO, ID_MARCA, ID_TIPO, ID_PUBLICO) VALUES (19,'Nome do Produto',99.99,'Descrição do Produto.',14,3,2);
INSERT INTO TB_PRODUTO (ID_PRO, NOME_PRO, PRECO_PRO, DESCRICAO, ID_MARCA, ID_TIPO, ID_PUBLICO) VALUES (20,'Nome do Produto',99.99,'Descrição do Produto.',14,3,2);
INSERT INTO TB_PRODUTO (ID_PRO, NOME_PRO, PRECO_PRO, DESCRICAO, ID_MARCA, ID_TIPO, ID_PUBLICO) VALUES (21,'Nome do Produto',99.99,'Descrição do Produto.',14,3,2);
-- FIM VALORES FAKE PARA CARGA DA BASE
INSERT INTO TB_PRODUTO (ID_PRO, NOME_PRO, PRECO_PRO, DESCRICAO, ID_MARCA, ID_TIPO, ID_PUBLICO) VALUES (30,'Bota Ykes Adventure RDX 1010',69.99,'A bota RDX é perfeita para todas as ocasiões, sendo simples e confortável, disponível em 3 cores para atender a todos os gostos',15,1,3);
INSERT INTO TB_PRODUTO (ID_PRO, NOME_PRO, PRECO_PRO, DESCRICAO, ID_MARCA, ID_TIPO, ID_PUBLICO) VALUES (31,'Bota Adveture Souza Melo 0338',109.99,'Pintado na camuflagem de exército, a bota Adventure Souza Melo é confortável, bonita e versátil para qualquer ocasião. Disponível em outras duas cores.' ,16,1,3);
INSERT INTO TB_PRODUTO (ID_PRO, NOME_PRO, PRECO_PRO, DESCRICAO, ID_MARCA, ID_TIPO, ID_PUBLICO) VALUES (32,'Chuteira Futsal Penalty ATK F Rocket VII IN',69.99,'A chuteira ATK F é confortável, perfeita para o futsal.',17,10,3);
INSERT INTO TB_PRODUTO (ID_PRO, NOME_PRO, PRECO_PRO, DESCRICAO, ID_MARCA, ID_TIPO, ID_PUBLICO) VALUES (33,'Chuteira Futsal Umbro Wave',89.99,'Essa chuteira Umbro garante durabilidade e resistência nas quadras, sendo confortável e de tecido forte',18,10,3);
INSERT INTO TB_PRODUTO (ID_PRO, NOME_PRO, PRECO_PRO, DESCRICAO, ID_MARCA, ID_TIPO, ID_PUBLICO) VALUES (34,'Chuteira Futsal Adidas Nemeziz Messi 17.4 IN',159.99,'A chuteira do Messi chegou!!! Mostre que sua habilidade se compara com a do argentino com a confortável e versátil chuteira.',19,1,3);
INSERT INTO TB_PRODUTO (ID_PRO, NOME_PRO, PRECO_PRO, DESCRICAO, ID_MARCA, ID_TIPO, ID_PUBLICO) VALUES (35,'Chinelo Infantil Havaianas Slim Frozen',36.90,'Os personagens do sucesso da Disney, Frozen, chegaram na Havaianas! A sandália Havaianas Kids Frozen são estampadas com as princesas',25,7,3);
INSERT INTO TB_PRODUTO (ID_PRO, NOME_PRO, PRECO_PRO, DESCRICAO, ID_MARCA, ID_TIPO, ID_PUBLICO) VALUES (36,'Chinelo Infantil Grendene Avengers Slide Masculino' , 39.99,'O Chinelo Infantil Grendene Avengers Slide Masculino traz personagens em um design com estampa e tira estilizada moderna. Macio e prático, ainda garante bem-estar aos meninos e meninas.' ,20,10, 3);
INSERT INTO TB_PRODUTO (ID_PRO, NOME_PRO, PRECO_PRO, DESCRICAO, ID_MARCA, ID_TIPO, ID_PUBLICO)VALUES (37,'Chinelo Polvo Stephen Joseph' , 40.00,'Chinelo de material termoplástico, com alça superior, ideal para o dia a dia da criança. seu material é bastante resistente e confortável.' ,21, 10,3);
INSERT INTO TB_PRODUTO (ID_PRO, NOME_PRO, PRECO_PRO, DESCRICAO, ID_MARCA, ID_TIPO, ID_PUBLICO)VALUES (38,'Pantufa Ricsen Unicórnico 3D', 129.90,'Pantufa Ricsen Unicórnio 3D Infantil oferece uma opção divertida para as horas de descanso, aliada à maciez do design acolchoado, que garante conforto total. É produzida em poliéster.' ,22,11,3);
INSERT INTO TB_PRODUTO (ID_PRO, NOME_PRO, PRECO_PRO, DESCRICAO, ID_MARCA, ID_TIPO, ID_PUBLICO)VALUES (39,'Pantufa Infantil Ricsen Liga da Justiça' ,62.90,'Os bebês ficarão ainda mais fofos com a Pantufa Ricsen Liga da Justiça! Com estampa dos super heróis favoritos, o modelo conta com punho dobrável.' , 22,11,3);
INSERT INTO TB_PRODUTO (ID_PRO, NOME_PRO, PRECO_PRO, DESCRICAO, ID_MARCA, ID_TIPO, ID_PUBLICO)VALUES (40,'Pantufa Infantil Ricsen Princesas' , 86.90,'Super quentinha e charmosa, a Pantufa Ricsen Princesas deixará os pézinhos das meninas aquecidos e delicados. Com estampa das princesas Disney' ,22,11,3);
INSERT INTO TB_PRODUTO (ID_PRO, NOME_PRO, PRECO_PRO, DESCRICAO, ID_MARCA, ID_TIPO, ID_PUBLICO)VALUES (41,'Tênis Infantil Asics Pre-Bounder 2 Ps' , 159.90,'Com cabedal desenvolvido em mesh e duplo fechamento com velcro e cadarço, o Tênis Infantil Asics Pre-Bounder 2 Ps é a companhia certa para a criançada. Oferece suporte e visual vibrante.' , 23,5,3);
INSERT INTO TB_PRODUTO (ID_PRO, NOME_PRO, PRECO_PRO, DESCRICAO, ID_MARCA, ID_TIPO, ID_PUBLICO)VALUES (42, 'Tênis Infantil Nike Pico' , 142.99,'Garantindo total conforto para os pés da criançada, o Tênis Infantil Nike Pico Lt traz o sportstyle para os looks infantis. Com fácil calce e velcro duplo, o modelo combina um visual moderno e casual.' , 7,5,3);
INSERT INTO TB_PRODUTO (ID_PRO, NOME_PRO, PRECO_PRO, DESCRICAO, ID_MARCA, ID_TIPO, ID_PUBLICO)VALUES (43, 'Bota Masculina Wonder 1060', 99.99,'Essa bota WONDER 1060 garante conforto, flexibilidade, beleza sem ser vulgar, por um preço acessível.' , 24,1,1);
INSERT INTO TB_PRODUTO (ID_PRO, NOME_PRO, PRECO_PRO, DESCRICAO, ID_MARCA, ID_TIPO, ID_PUBLICO)VALUES (44, 'Bota Masculina Wonder 1096' , 159.99,'Essa bota WONDER 1096 garante muita beleza, com grande durabilidade sendo também muito flexível.' , 24,1,1);

CREATE TABLE `tb_variacao_produto` (
  `ID_PRO` decimal(10,0) NOT NULL,
  `ID_COR` decimal(10,0) NOT NULL,
  `ID_VAR` decimal(10,0) NOT NULL,
  `ID_TAMANHO` decimal(10,0) NOT NULL,
  PRIMARY KEY (`ID_VAR`),
  KEY `tb_variacao_produto_fk0` (`ID_COR`),
  KEY `tb_variacao_produto_fk1` (`ID_TAMANHO`),
  KEY `tb_variacao_produto_fk2` (`ID_PRO`),
  CONSTRAINT `tb_variacao_produto_fk0` FOREIGN KEY (`ID_COR`) REFERENCES `tb_cor` (`ID_COR`),
  CONSTRAINT `tb_variacao_produto_fk1` FOREIGN KEY (`ID_TAMANHO`) REFERENCES `tb_tamanho` (`ID_TAMANHO`),
  CONSTRAINT `tb_variacao_produto_fk2` FOREIGN KEY (`ID_PRO`) REFERENCES `tb_produto` (`ID_PRO`)
) ENGINE=InnoDB DEFAULT CHARSET=utf8;
--
-- INSERE VARIACOES DOS PRODUTOS
--
INSERT INTO TB_VARIACAO_PRODUTO (ID_PRO, ID_COR, ID_VAR, ID_TAMANHO) VALUES (1,1,1,33);
INSERT INTO TB_VARIACAO_PRODUTO (ID_PRO, ID_COR, ID_VAR, ID_TAMANHO) VALUES (1,1,2,34);
INSERT INTO TB_VARIACAO_PRODUTO (ID_PRO, ID_COR, ID_VAR, ID_TAMANHO) VALUES (1,1,3,35);
INSERT INTO TB_VARIACAO_PRODUTO (ID_PRO, ID_COR, ID_VAR, ID_TAMANHO) VALUES (1,1,4,36);
INSERT INTO TB_VARIACAO_PRODUTO (ID_PRO, ID_COR, ID_VAR, ID_TAMANHO) VALUES (1,1,5,37);
INSERT INTO TB_VARIACAO_PRODUTO (ID_PRO, ID_COR, ID_VAR, ID_TAMANHO) VALUES (1,1,6,38);
INSERT INTO TB_VARIACAO_PRODUTO (ID_PRO, ID_COR, ID_VAR, ID_TAMANHO) VALUES (1,1,7,39);
INSERT INTO TB_VARIACAO_PRODUTO (ID_PRO, ID_COR, ID_VAR, ID_TAMANHO) VALUES (1,1,8,40);
INSERT INTO TB_VARIACAO_PRODUTO (ID_PRO, ID_COR, ID_VAR, ID_TAMANHO) VALUES (1,6,9,33);
INSERT INTO TB_VARIACAO_PRODUTO (ID_PRO, ID_COR, ID_VAR, ID_TAMANHO) VALUES (1,6,10,34);
INSERT INTO TB_VARIACAO_PRODUTO (ID_PRO, ID_COR, ID_VAR, ID_TAMANHO) VALUES (1,6,11,35);
INSERT INTO TB_VARIACAO_PRODUTO (ID_PRO, ID_COR, ID_VAR, ID_TAMANHO) VALUES (1,6,12,36);
INSERT INTO TB_VARIACAO_PRODUTO (ID_PRO, ID_COR, ID_VAR, ID_TAMANHO) VALUES (1,6,13,37);
INSERT INTO TB_VARIACAO_PRODUTO (ID_PRO, ID_COR, ID_VAR, ID_TAMANHO) VALUES (1,6,14,38);
INSERT INTO TB_VARIACAO_PRODUTO (ID_PRO, ID_COR, ID_VAR, ID_TAMANHO) VALUES (1,6,15,39);
INSERT INTO TB_VARIACAO_PRODUTO (ID_PRO, ID_COR, ID_VAR, ID_TAMANHO) VALUES (1,6,16,40);
INSERT INTO TB_VARIACAO_PRODUTO (ID_PRO, ID_COR, ID_VAR, ID_TAMANHO) VALUES (2,1,17,37);
INSERT INTO TB_VARIACAO_PRODUTO (ID_PRO, ID_COR, ID_VAR, ID_TAMANHO) VALUES (2,1,18,38);
INSERT INTO TB_VARIACAO_PRODUTO (ID_PRO, ID_COR, ID_VAR, ID_TAMANHO) VALUES (2,1,19,39);
INSERT INTO TB_VARIACAO_PRODUTO (ID_PRO, ID_COR, ID_VAR, ID_TAMANHO) VALUES (2,1,20,40);
INSERT INTO TB_VARIACAO_PRODUTO (ID_PRO, ID_COR, ID_VAR, ID_TAMANHO) VALUES (2,1,21,41);
INSERT INTO TB_VARIACAO_PRODUTO (ID_PRO, ID_COR, ID_VAR, ID_TAMANHO) VALUES (2,1,22,42);
INSERT INTO TB_VARIACAO_PRODUTO (ID_PRO, ID_COR, ID_VAR, ID_TAMANHO) VALUES (2,1,23,43);
INSERT INTO TB_VARIACAO_PRODUTO (ID_PRO, ID_COR, ID_VAR, ID_TAMANHO) VALUES (2,1,24,44);
INSERT INTO TB_VARIACAO_PRODUTO (ID_PRO, ID_COR, ID_VAR, ID_TAMANHO) VALUES (2,2,25,37);
INSERT INTO TB_VARIACAO_PRODUTO (ID_PRO, ID_COR, ID_VAR, ID_TAMANHO) VALUES (2,2,26,38);
INSERT INTO TB_VARIACAO_PRODUTO (ID_PRO, ID_COR, ID_VAR, ID_TAMANHO) VALUES (2,2,27,39);
INSERT INTO TB_VARIACAO_PRODUTO (ID_PRO, ID_COR, ID_VAR, ID_TAMANHO) VALUES (2,2,28,40);
INSERT INTO TB_VARIACAO_PRODUTO (ID_PRO, ID_COR, ID_VAR, ID_TAMANHO) VALUES (2,2,29,41);
INSERT INTO TB_VARIACAO_PRODUTO (ID_PRO, ID_COR, ID_VAR, ID_TAMANHO) VALUES (2,2,30,42);
INSERT INTO TB_VARIACAO_PRODUTO (ID_PRO, ID_COR, ID_VAR, ID_TAMANHO) VALUES (2,2,31,43);
INSERT INTO TB_VARIACAO_PRODUTO (ID_PRO, ID_COR, ID_VAR, ID_TAMANHO) VALUES (2,2,32,44);
INSERT INTO TB_VARIACAO_PRODUTO (ID_PRO, ID_COR, ID_VAR, ID_TAMANHO) VALUES (2,3,33,37);
INSERT INTO TB_VARIACAO_PRODUTO (ID_PRO, ID_COR, ID_VAR, ID_TAMANHO) VALUES (2,3,34,38);
INSERT INTO TB_VARIACAO_PRODUTO (ID_PRO, ID_COR, ID_VAR, ID_TAMANHO) VALUES (2,3,35,39);
INSERT INTO TB_VARIACAO_PRODUTO (ID_PRO, ID_COR, ID_VAR, ID_TAMANHO) VALUES (2,3,36,40);
INSERT INTO TB_VARIACAO_PRODUTO (ID_PRO, ID_COR, ID_VAR, ID_TAMANHO) VALUES (2,3,37,41);
INSERT INTO TB_VARIACAO_PRODUTO (ID_PRO, ID_COR, ID_VAR, ID_TAMANHO) VALUES (2,3,38,42);
INSERT INTO TB_VARIACAO_PRODUTO (ID_PRO, ID_COR, ID_VAR, ID_TAMANHO) VALUES (2,3,39,43);
INSERT INTO TB_VARIACAO_PRODUTO (ID_PRO, ID_COR, ID_VAR, ID_TAMANHO) VALUES (2,3,40,44);
INSERT INTO TB_VARIACAO_PRODUTO (ID_PRO, ID_COR, ID_VAR, ID_TAMANHO) VALUES (2,4,41,37);
INSERT INTO TB_VARIACAO_PRODUTO (ID_PRO, ID_COR, ID_VAR, ID_TAMANHO) VALUES (2,4,42,38);
INSERT INTO TB_VARIACAO_PRODUTO (ID_PRO, ID_COR, ID_VAR, ID_TAMANHO) VALUES (2,4,43,39);
INSERT INTO TB_VARIACAO_PRODUTO (ID_PRO, ID_COR, ID_VAR, ID_TAMANHO) VALUES (2,4,44,40);
INSERT INTO TB_VARIACAO_PRODUTO (ID_PRO, ID_COR, ID_VAR, ID_TAMANHO) VALUES (2,4,45,41);
INSERT INTO TB_VARIACAO_PRODUTO (ID_PRO, ID_COR, ID_VAR, ID_TAMANHO) VALUES (2,4,46,42);
INSERT INTO TB_VARIACAO_PRODUTO (ID_PRO, ID_COR, ID_VAR, ID_TAMANHO) VALUES (2,4,47,43);
INSERT INTO TB_VARIACAO_PRODUTO (ID_PRO, ID_COR, ID_VAR, ID_TAMANHO) VALUES (2,4,48,44);
INSERT INTO TB_VARIACAO_PRODUTO (ID_PRO, ID_COR, ID_VAR, ID_TAMANHO) VALUES (2,5,49,37);
INSERT INTO TB_VARIACAO_PRODUTO (ID_PRO, ID_COR, ID_VAR, ID_TAMANHO) VALUES (2,5,50,38);
INSERT INTO TB_VARIACAO_PRODUTO (ID_PRO, ID_COR, ID_VAR, ID_TAMANHO) VALUES (2,5,51,39);
INSERT INTO TB_VARIACAO_PRODUTO (ID_PRO, ID_COR, ID_VAR, ID_TAMANHO) VALUES (2,5,52,40);
INSERT INTO TB_VARIACAO_PRODUTO (ID_PRO, ID_COR, ID_VAR, ID_TAMANHO) VALUES (2,5,53,41);
INSERT INTO TB_VARIACAO_PRODUTO (ID_PRO, ID_COR, ID_VAR, ID_TAMANHO) VALUES (2,5,54,42);
INSERT INTO TB_VARIACAO_PRODUTO (ID_PRO, ID_COR, ID_VAR, ID_TAMANHO) VALUES (2,5,55,43);
INSERT INTO TB_VARIACAO_PRODUTO (ID_PRO, ID_COR, ID_VAR, ID_TAMANHO) VALUES (2,5,56,44);
INSERT INTO TB_VARIACAO_PRODUTO (ID_PRO, ID_COR, ID_VAR, ID_TAMANHO) VALUES (3,1,57,34);
INSERT INTO TB_VARIACAO_PRODUTO (ID_PRO, ID_COR, ID_VAR, ID_TAMANHO) VALUES (3,1,58,35);
INSERT INTO TB_VARIACAO_PRODUTO (ID_PRO, ID_COR, ID_VAR, ID_TAMANHO) VALUES (3,1,59,36);
INSERT INTO TB_VARIACAO_PRODUTO (ID_PRO, ID_COR, ID_VAR, ID_TAMANHO) VALUES (3,1,60,37);
INSERT INTO TB_VARIACAO_PRODUTO (ID_PRO, ID_COR, ID_VAR, ID_TAMANHO) VALUES (3,1,61,38);
INSERT INTO TB_VARIACAO_PRODUTO (ID_PRO, ID_COR, ID_VAR, ID_TAMANHO) VALUES (3,1,62,39);
INSERT INTO TB_VARIACAO_PRODUTO (ID_PRO, ID_COR, ID_VAR, ID_TAMANHO) VALUES (3,1,63,40);
INSERT INTO TB_VARIACAO_PRODUTO (ID_PRO, ID_COR, ID_VAR, ID_TAMANHO) VALUES (3,6,64,34);
INSERT INTO TB_VARIACAO_PRODUTO (ID_PRO, ID_COR, ID_VAR, ID_TAMANHO) VALUES (3,6,65,35);
INSERT INTO TB_VARIACAO_PRODUTO (ID_PRO, ID_COR, ID_VAR, ID_TAMANHO) VALUES (3,6,66,36);
INSERT INTO TB_VARIACAO_PRODUTO (ID_PRO, ID_COR, ID_VAR, ID_TAMANHO) VALUES (3,6,67,37);
INSERT INTO TB_VARIACAO_PRODUTO (ID_PRO, ID_COR, ID_VAR, ID_TAMANHO) VALUES (3,6,68,38);
INSERT INTO TB_VARIACAO_PRODUTO (ID_PRO, ID_COR, ID_VAR, ID_TAMANHO) VALUES (3,6,69,39);
INSERT INTO TB_VARIACAO_PRODUTO (ID_PRO, ID_COR, ID_VAR, ID_TAMANHO) VALUES (3,6,70,40);
INSERT INTO TB_VARIACAO_PRODUTO (ID_PRO, ID_COR, ID_VAR, ID_TAMANHO) VALUES (4,1,71,34);
INSERT INTO TB_VARIACAO_PRODUTO (ID_PRO, ID_COR, ID_VAR, ID_TAMANHO) VALUES (4,1,72,35);
INSERT INTO TB_VARIACAO_PRODUTO (ID_PRO, ID_COR, ID_VAR, ID_TAMANHO) VALUES (4,1,73,36);
INSERT INTO TB_VARIACAO_PRODUTO (ID_PRO, ID_COR, ID_VAR, ID_TAMANHO) VALUES (4,1,74,37);
INSERT INTO TB_VARIACAO_PRODUTO (ID_PRO, ID_COR, ID_VAR, ID_TAMANHO) VALUES (4,1,75,38);
INSERT INTO TB_VARIACAO_PRODUTO (ID_PRO, ID_COR, ID_VAR, ID_TAMANHO) VALUES (4,1,76,39);
INSERT INTO TB_VARIACAO_PRODUTO (ID_PRO, ID_COR, ID_VAR, ID_TAMANHO) VALUES (4,1,77,40);
INSERT INTO TB_VARIACAO_PRODUTO (ID_PRO, ID_COR, ID_VAR, ID_TAMANHO) VALUES (5,1,78,34);
INSERT INTO TB_VARIACAO_PRODUTO (ID_PRO, ID_COR, ID_VAR, ID_TAMANHO) VALUES (5,1,79,35);
INSERT INTO TB_VARIACAO_PRODUTO (ID_PRO, ID_COR, ID_VAR, ID_TAMANHO) VALUES (5,1,80,36);
INSERT INTO TB_VARIACAO_PRODUTO (ID_PRO, ID_COR, ID_VAR, ID_TAMANHO) VALUES (5,1,81,37);
INSERT INTO TB_VARIACAO_PRODUTO (ID_PRO, ID_COR, ID_VAR, ID_TAMANHO) VALUES (5,1,82,38);
INSERT INTO TB_VARIACAO_PRODUTO (ID_PRO, ID_COR, ID_VAR, ID_TAMANHO) VALUES (5,1,83,39);
INSERT INTO TB_VARIACAO_PRODUTO (ID_PRO, ID_COR, ID_VAR, ID_TAMANHO) VALUES (5,9,84,34);
INSERT INTO TB_VARIACAO_PRODUTO (ID_PRO, ID_COR, ID_VAR, ID_TAMANHO) VALUES (5,9,85,35);
INSERT INTO TB_VARIACAO_PRODUTO (ID_PRO, ID_COR, ID_VAR, ID_TAMANHO) VALUES (5,9,86,36);
INSERT INTO TB_VARIACAO_PRODUTO (ID_PRO, ID_COR, ID_VAR, ID_TAMANHO) VALUES (5,9,87,37);
INSERT INTO TB_VARIACAO_PRODUTO (ID_PRO, ID_COR, ID_VAR, ID_TAMANHO) VALUES (5,9,88,38);
INSERT INTO TB_VARIACAO_PRODUTO (ID_PRO, ID_COR, ID_VAR, ID_TAMANHO) VALUES (5,9,89,39);
INSERT INTO TB_VARIACAO_PRODUTO (ID_PRO, ID_COR, ID_VAR, ID_TAMANHO) VALUES (6,1,90,34);
INSERT INTO TB_VARIACAO_PRODUTO (ID_PRO, ID_COR, ID_VAR, ID_TAMANHO) VALUES (6,1,91,35);
INSERT INTO TB_VARIACAO_PRODUTO (ID_PRO, ID_COR, ID_VAR, ID_TAMANHO) VALUES (6,1,92,36);
INSERT INTO TB_VARIACAO_PRODUTO (ID_PRO, ID_COR, ID_VAR, ID_TAMANHO) VALUES (6,1,93,37);
INSERT INTO TB_VARIACAO_PRODUTO (ID_PRO, ID_COR, ID_VAR, ID_TAMANHO) VALUES (6,1,94,38);
INSERT INTO TB_VARIACAO_PRODUTO (ID_PRO, ID_COR, ID_VAR, ID_TAMANHO) VALUES (6,1,95,39);
INSERT INTO TB_VARIACAO_PRODUTO (ID_PRO, ID_COR, ID_VAR, ID_TAMANHO) VALUES (6,1,96,40);
INSERT INTO TB_VARIACAO_PRODUTO (ID_PRO, ID_COR, ID_VAR, ID_TAMANHO) VALUES (6,10,97,34);
INSERT INTO TB_VARIACAO_PRODUTO (ID_PRO, ID_COR, ID_VAR, ID_TAMANHO) VALUES (6,10,98,35);
INSERT INTO TB_VARIACAO_PRODUTO (ID_PRO, ID_COR, ID_VAR, ID_TAMANHO) VALUES (6,10,99,36);
INSERT INTO TB_VARIACAO_PRODUTO (ID_PRO, ID_COR, ID_VAR, ID_TAMANHO) VALUES (6,10,100,37);
INSERT INTO TB_VARIACAO_PRODUTO (ID_PRO, ID_COR, ID_VAR, ID_TAMANHO) VALUES (6,10,101,38);
INSERT INTO TB_VARIACAO_PRODUTO (ID_PRO, ID_COR, ID_VAR, ID_TAMANHO) VALUES (6,10,102,39);
INSERT INTO TB_VARIACAO_PRODUTO (ID_PRO, ID_COR, ID_VAR, ID_TAMANHO) VALUES (6,10,103,40);
INSERT INTO TB_VARIACAO_PRODUTO (ID_PRO, ID_COR, ID_VAR, ID_TAMANHO) VALUES (7,1,104,34);
INSERT INTO TB_VARIACAO_PRODUTO (ID_PRO, ID_COR, ID_VAR, ID_TAMANHO) VALUES (7,1,105,35);
INSERT INTO TB_VARIACAO_PRODUTO (ID_PRO, ID_COR, ID_VAR, ID_TAMANHO) VALUES (7,1,106,36);
INSERT INTO TB_VARIACAO_PRODUTO (ID_PRO, ID_COR, ID_VAR, ID_TAMANHO) VALUES (7,1,107,37);
INSERT INTO TB_VARIACAO_PRODUTO (ID_PRO, ID_COR, ID_VAR, ID_TAMANHO) VALUES (7,1,108,38);
INSERT INTO TB_VARIACAO_PRODUTO (ID_PRO, ID_COR, ID_VAR, ID_TAMANHO) VALUES (7,1,109,39);
INSERT INTO TB_VARIACAO_PRODUTO (ID_PRO, ID_COR, ID_VAR, ID_TAMANHO) VALUES (7,1,110,40);
INSERT INTO TB_VARIACAO_PRODUTO (ID_PRO, ID_COR, ID_VAR, ID_TAMANHO) VALUES (7,5,111,34);
INSERT INTO TB_VARIACAO_PRODUTO (ID_PRO, ID_COR, ID_VAR, ID_TAMANHO) VALUES (7,5,112,35);
INSERT INTO TB_VARIACAO_PRODUTO (ID_PRO, ID_COR, ID_VAR, ID_TAMANHO) VALUES (7,5,113,36);
INSERT INTO TB_VARIACAO_PRODUTO (ID_PRO, ID_COR, ID_VAR, ID_TAMANHO) VALUES (7,5,114,37);
INSERT INTO TB_VARIACAO_PRODUTO (ID_PRO, ID_COR, ID_VAR, ID_TAMANHO) VALUES (7,5,115,38);
INSERT INTO TB_VARIACAO_PRODUTO (ID_PRO, ID_COR, ID_VAR, ID_TAMANHO) VALUES (7,5,116,39);
INSERT INTO TB_VARIACAO_PRODUTO (ID_PRO, ID_COR, ID_VAR, ID_TAMANHO) VALUES (7,5,117,40);
INSERT INTO TB_VARIACAO_PRODUTO (ID_PRO, ID_COR, ID_VAR, ID_TAMANHO) VALUES (7,7,118,34);
INSERT INTO TB_VARIACAO_PRODUTO (ID_PRO, ID_COR, ID_VAR, ID_TAMANHO) VALUES (7,7,119,35);
INSERT INTO TB_VARIACAO_PRODUTO (ID_PRO, ID_COR, ID_VAR, ID_TAMANHO) VALUES (7,7,120,36);
INSERT INTO TB_VARIACAO_PRODUTO (ID_PRO, ID_COR, ID_VAR, ID_TAMANHO) VALUES (7,7,121,37);
INSERT INTO TB_VARIACAO_PRODUTO (ID_PRO, ID_COR, ID_VAR, ID_TAMANHO) VALUES (7,7,122,38);
INSERT INTO TB_VARIACAO_PRODUTO (ID_PRO, ID_COR, ID_VAR, ID_TAMANHO) VALUES (7,7,123,39);
INSERT INTO TB_VARIACAO_PRODUTO (ID_PRO, ID_COR, ID_VAR, ID_TAMANHO) VALUES (7,7,124,40);
INSERT INTO TB_VARIACAO_PRODUTO (ID_PRO, ID_COR, ID_VAR, ID_TAMANHO) VALUES (8,3,125,33);
INSERT INTO TB_VARIACAO_PRODUTO (ID_PRO, ID_COR, ID_VAR, ID_TAMANHO) VALUES (8,3,126,34);
INSERT INTO TB_VARIACAO_PRODUTO (ID_PRO, ID_COR, ID_VAR, ID_TAMANHO) VALUES (8,3,127,35);
INSERT INTO TB_VARIACAO_PRODUTO (ID_PRO, ID_COR, ID_VAR, ID_TAMANHO) VALUES (8,3,128,36);
INSERT INTO TB_VARIACAO_PRODUTO (ID_PRO, ID_COR, ID_VAR, ID_TAMANHO) VALUES (8,3,129,37);
INSERT INTO TB_VARIACAO_PRODUTO (ID_PRO, ID_COR, ID_VAR, ID_TAMANHO) VALUES (8,3,130,38);
INSERT INTO TB_VARIACAO_PRODUTO (ID_PRO, ID_COR, ID_VAR, ID_TAMANHO) VALUES (8,3,131,39);
INSERT INTO TB_VARIACAO_PRODUTO (ID_PRO, ID_COR, ID_VAR, ID_TAMANHO) VALUES (8,3,132,40);
INSERT INTO TB_VARIACAO_PRODUTO (ID_PRO, ID_COR, ID_VAR, ID_TAMANHO) VALUES (8,6,133,33);
INSERT INTO TB_VARIACAO_PRODUTO (ID_PRO, ID_COR, ID_VAR, ID_TAMANHO) VALUES (8,6,134,34);
INSERT INTO TB_VARIACAO_PRODUTO (ID_PRO, ID_COR, ID_VAR, ID_TAMANHO) VALUES (8,6,135,35);
INSERT INTO TB_VARIACAO_PRODUTO (ID_PRO, ID_COR, ID_VAR, ID_TAMANHO) VALUES (8,6,136,36);
INSERT INTO TB_VARIACAO_PRODUTO (ID_PRO, ID_COR, ID_VAR, ID_TAMANHO) VALUES (8,6,137,37);
INSERT INTO TB_VARIACAO_PRODUTO (ID_PRO, ID_COR, ID_VAR, ID_TAMANHO) VALUES (8,6,138,38);
INSERT INTO TB_VARIACAO_PRODUTO (ID_PRO, ID_COR, ID_VAR, ID_TAMANHO) VALUES (8,6,139,39);
INSERT INTO TB_VARIACAO_PRODUTO (ID_PRO, ID_COR, ID_VAR, ID_TAMANHO) VALUES (8,6,140,40);
INSERT INTO TB_VARIACAO_PRODUTO (ID_PRO, ID_COR, ID_VAR, ID_TAMANHO) VALUES (9,7,141,33);
INSERT INTO TB_VARIACAO_PRODUTO (ID_PRO, ID_COR, ID_VAR, ID_TAMANHO) VALUES (9,7,142,34);
INSERT INTO TB_VARIACAO_PRODUTO (ID_PRO, ID_COR, ID_VAR, ID_TAMANHO) VALUES (9,7,143,35);
INSERT INTO TB_VARIACAO_PRODUTO (ID_PRO, ID_COR, ID_VAR, ID_TAMANHO) VALUES (9,7,144,36);
INSERT INTO TB_VARIACAO_PRODUTO (ID_PRO, ID_COR, ID_VAR, ID_TAMANHO) VALUES (9,7,145,37);
INSERT INTO TB_VARIACAO_PRODUTO (ID_PRO, ID_COR, ID_VAR, ID_TAMANHO) VALUES (9,7,146,38);
INSERT INTO TB_VARIACAO_PRODUTO (ID_PRO, ID_COR, ID_VAR, ID_TAMANHO) VALUES (9,7,147,39);
INSERT INTO TB_VARIACAO_PRODUTO (ID_PRO, ID_COR, ID_VAR, ID_TAMANHO) VALUES (10,1,148,34);
INSERT INTO TB_VARIACAO_PRODUTO (ID_PRO, ID_COR, ID_VAR, ID_TAMANHO) VALUES (10,1,149,35);
INSERT INTO TB_VARIACAO_PRODUTO (ID_PRO, ID_COR, ID_VAR, ID_TAMANHO) VALUES (10,1,150,36);
INSERT INTO TB_VARIACAO_PRODUTO (ID_PRO, ID_COR, ID_VAR, ID_TAMANHO) VALUES (10,1,151,37);
INSERT INTO TB_VARIACAO_PRODUTO (ID_PRO, ID_COR, ID_VAR, ID_TAMANHO) VALUES (10,1,152,38);
INSERT INTO TB_VARIACAO_PRODUTO (ID_PRO, ID_COR, ID_VAR, ID_TAMANHO) VALUES (10,1,153,39);
INSERT INTO TB_VARIACAO_PRODUTO (ID_PRO, ID_COR, ID_VAR, ID_TAMANHO) VALUES (10,5,154,34);
INSERT INTO TB_VARIACAO_PRODUTO (ID_PRO, ID_COR, ID_VAR, ID_TAMANHO) VALUES (10,5,155,35);
INSERT INTO TB_VARIACAO_PRODUTO (ID_PRO, ID_COR, ID_VAR, ID_TAMANHO) VALUES (10,5,156,36);
INSERT INTO TB_VARIACAO_PRODUTO (ID_PRO, ID_COR, ID_VAR, ID_TAMANHO) VALUES (10,5,157,37);
INSERT INTO TB_VARIACAO_PRODUTO (ID_PRO, ID_COR, ID_VAR, ID_TAMANHO) VALUES (10,5,158,38);
INSERT INTO TB_VARIACAO_PRODUTO (ID_PRO, ID_COR, ID_VAR, ID_TAMANHO) VALUES (10,5,159,39);
INSERT INTO TB_VARIACAO_PRODUTO (ID_PRO, ID_COR, ID_VAR, ID_TAMANHO) VALUES (11,1,160,34);
INSERT INTO TB_VARIACAO_PRODUTO (ID_PRO, ID_COR, ID_VAR, ID_TAMANHO) VALUES (11,1,161,35);
INSERT INTO TB_VARIACAO_PRODUTO (ID_PRO, ID_COR, ID_VAR, ID_TAMANHO) VALUES (11,1,162,36);
INSERT INTO TB_VARIACAO_PRODUTO (ID_PRO, ID_COR, ID_VAR, ID_TAMANHO) VALUES (11,1,163,37);
INSERT INTO TB_VARIACAO_PRODUTO (ID_PRO, ID_COR, ID_VAR, ID_TAMANHO) VALUES (11,1,164,38);
INSERT INTO TB_VARIACAO_PRODUTO (ID_PRO, ID_COR, ID_VAR, ID_TAMANHO) VALUES (11,1,165,39);
INSERT INTO TB_VARIACAO_PRODUTO (ID_PRO, ID_COR, ID_VAR, ID_TAMANHO) VALUES (12,1,166,34);
INSERT INTO TB_VARIACAO_PRODUTO (ID_PRO, ID_COR, ID_VAR, ID_TAMANHO) VALUES (12,1,167,35);
INSERT INTO TB_VARIACAO_PRODUTO (ID_PRO, ID_COR, ID_VAR, ID_TAMANHO) VALUES (12,1,168,36);
INSERT INTO TB_VARIACAO_PRODUTO (ID_PRO, ID_COR, ID_VAR, ID_TAMANHO) VALUES (12,1,169,37);
INSERT INTO TB_VARIACAO_PRODUTO (ID_PRO, ID_COR, ID_VAR, ID_TAMANHO) VALUES (12,1,170,38);
INSERT INTO TB_VARIACAO_PRODUTO (ID_PRO, ID_COR, ID_VAR, ID_TAMANHO) VALUES (12,1,171,39);
INSERT INTO TB_VARIACAO_PRODUTO (ID_PRO, ID_COR, ID_VAR, ID_TAMANHO) VALUES (13,7,172,34);
INSERT INTO TB_VARIACAO_PRODUTO (ID_PRO, ID_COR, ID_VAR, ID_TAMANHO) VALUES (13,7,173,35);
INSERT INTO TB_VARIACAO_PRODUTO (ID_PRO, ID_COR, ID_VAR, ID_TAMANHO) VALUES (13,7,174,36);
INSERT INTO TB_VARIACAO_PRODUTO (ID_PRO, ID_COR, ID_VAR, ID_TAMANHO) VALUES (13,7,175,37);
INSERT INTO TB_VARIACAO_PRODUTO (ID_PRO, ID_COR, ID_VAR, ID_TAMANHO) VALUES (13,7,176,38);
INSERT INTO TB_VARIACAO_PRODUTO (ID_PRO, ID_COR, ID_VAR, ID_TAMANHO) VALUES (13,7,177,39);
INSERT INTO TB_VARIACAO_PRODUTO (ID_PRO, ID_COR, ID_VAR, ID_TAMANHO) VALUES (14,1,178,34);
INSERT INTO TB_VARIACAO_PRODUTO (ID_PRO, ID_COR, ID_VAR, ID_TAMANHO) VALUES (14,1,179,35);
INSERT INTO TB_VARIACAO_PRODUTO (ID_PRO, ID_COR, ID_VAR, ID_TAMANHO) VALUES (14,1,180,36);
INSERT INTO TB_VARIACAO_PRODUTO (ID_PRO, ID_COR, ID_VAR, ID_TAMANHO) VALUES (14,1,181,37);
INSERT INTO TB_VARIACAO_PRODUTO (ID_PRO, ID_COR, ID_VAR, ID_TAMANHO) VALUES (14,1,182,38);
INSERT INTO TB_VARIACAO_PRODUTO (ID_PRO, ID_COR, ID_VAR, ID_TAMANHO) VALUES (14,1,183,39);
INSERT INTO TB_VARIACAO_PRODUTO (ID_PRO, ID_COR, ID_VAR, ID_TAMANHO) VALUES (14,4,184,34);
INSERT INTO TB_VARIACAO_PRODUTO (ID_PRO, ID_COR, ID_VAR, ID_TAMANHO) VALUES (14,4,185,35);
INSERT INTO TB_VARIACAO_PRODUTO (ID_PRO, ID_COR, ID_VAR, ID_TAMANHO) VALUES (14,4,186,36);
INSERT INTO TB_VARIACAO_PRODUTO (ID_PRO, ID_COR, ID_VAR, ID_TAMANHO) VALUES (14,4,187,37);
INSERT INTO TB_VARIACAO_PRODUTO (ID_PRO, ID_COR, ID_VAR, ID_TAMANHO) VALUES (14,4,188,38);
INSERT INTO TB_VARIACAO_PRODUTO (ID_PRO, ID_COR, ID_VAR, ID_TAMANHO) VALUES (14,4,189,39);
INSERT INTO TB_VARIACAO_PRODUTO (ID_PRO, ID_COR, ID_VAR, ID_TAMANHO) VALUES (14,6,190,34);
INSERT INTO TB_VARIACAO_PRODUTO (ID_PRO, ID_COR, ID_VAR, ID_TAMANHO) VALUES (14,6,191,35);
INSERT INTO TB_VARIACAO_PRODUTO (ID_PRO, ID_COR, ID_VAR, ID_TAMANHO) VALUES (14,6,192,36);
INSERT INTO TB_VARIACAO_PRODUTO (ID_PRO, ID_COR, ID_VAR, ID_TAMANHO) VALUES (14,6,193,37);
INSERT INTO TB_VARIACAO_PRODUTO (ID_PRO, ID_COR, ID_VAR, ID_TAMANHO) VALUES (14,6,194,38);
INSERT INTO TB_VARIACAO_PRODUTO (ID_PRO, ID_COR, ID_VAR, ID_TAMANHO) VALUES (14,6,195,39);
INSERT INTO TB_VARIACAO_PRODUTO (ID_PRO, ID_COR, ID_VAR, ID_TAMANHO) VALUES (15,1,196,34);
INSERT INTO TB_VARIACAO_PRODUTO (ID_PRO, ID_COR, ID_VAR, ID_TAMANHO) VALUES (15,1,197,35);
INSERT INTO TB_VARIACAO_PRODUTO (ID_PRO, ID_COR, ID_VAR, ID_TAMANHO) VALUES (15,1,198,36);
INSERT INTO TB_VARIACAO_PRODUTO (ID_PRO, ID_COR, ID_VAR, ID_TAMANHO) VALUES (15,1,199,37);
INSERT INTO TB_VARIACAO_PRODUTO (ID_PRO, ID_COR, ID_VAR, ID_TAMANHO) VALUES (15,1,200,38);
INSERT INTO TB_VARIACAO_PRODUTO (ID_PRO, ID_COR, ID_VAR, ID_TAMANHO) VALUES (15,1,201,39);
INSERT INTO TB_VARIACAO_PRODUTO (ID_PRO, ID_COR, ID_VAR, ID_TAMANHO) VALUES (15,5,202,34);
INSERT INTO TB_VARIACAO_PRODUTO (ID_PRO, ID_COR, ID_VAR, ID_TAMANHO) VALUES (15,5,203,35);
INSERT INTO TB_VARIACAO_PRODUTO (ID_PRO, ID_COR, ID_VAR, ID_TAMANHO) VALUES (15,5,204,36);
INSERT INTO TB_VARIACAO_PRODUTO (ID_PRO, ID_COR, ID_VAR, ID_TAMANHO) VALUES (15,5,205,37);
INSERT INTO TB_VARIACAO_PRODUTO (ID_PRO, ID_COR, ID_VAR, ID_TAMANHO) VALUES (15,5,206,38);
INSERT INTO TB_VARIACAO_PRODUTO (ID_PRO, ID_COR, ID_VAR, ID_TAMANHO) VALUES (15,5,207,39);
INSERT INTO TB_VARIACAO_PRODUTO (ID_PRO, ID_COR, ID_VAR, ID_TAMANHO) VALUES (15,6,208,34);
INSERT INTO TB_VARIACAO_PRODUTO (ID_PRO, ID_COR, ID_VAR, ID_TAMANHO) VALUES (15,6,209,35);
INSERT INTO TB_VARIACAO_PRODUTO (ID_PRO, ID_COR, ID_VAR, ID_TAMANHO) VALUES (15,6,210,36);
INSERT INTO TB_VARIACAO_PRODUTO (ID_PRO, ID_COR, ID_VAR, ID_TAMANHO) VALUES (15,6,211,37);
INSERT INTO TB_VARIACAO_PRODUTO (ID_PRO, ID_COR, ID_VAR, ID_TAMANHO) VALUES (15,6,212,38);
INSERT INTO TB_VARIACAO_PRODUTO (ID_PRO, ID_COR, ID_VAR, ID_TAMANHO) VALUES (15,6,213,39);
INSERT INTO TB_VARIACAO_PRODUTO (ID_PRO, ID_COR, ID_VAR, ID_TAMANHO) VALUES (16,1,214,34);
INSERT INTO TB_VARIACAO_PRODUTO (ID_PRO, ID_COR, ID_VAR, ID_TAMANHO) VALUES (16,1,215,35);
INSERT INTO TB_VARIACAO_PRODUTO (ID_PRO, ID_COR, ID_VAR, ID_TAMANHO) VALUES (16,1,216,36);
INSERT INTO TB_VARIACAO_PRODUTO (ID_PRO, ID_COR, ID_VAR, ID_TAMANHO) VALUES (16,1,217,37);
INSERT INTO TB_VARIACAO_PRODUTO (ID_PRO, ID_COR, ID_VAR, ID_TAMANHO) VALUES (16,1,218,38);
INSERT INTO TB_VARIACAO_PRODUTO (ID_PRO, ID_COR, ID_VAR, ID_TAMANHO) VALUES (16,1,219,39);
INSERT INTO TB_VARIACAO_PRODUTO (ID_PRO, ID_COR, ID_VAR, ID_TAMANHO) VALUES (16,1,220,40);
INSERT INTO TB_VARIACAO_PRODUTO (ID_PRO, ID_COR, ID_VAR, ID_TAMANHO) VALUES (17,1,221,34);
INSERT INTO TB_VARIACAO_PRODUTO (ID_PRO, ID_COR, ID_VAR, ID_TAMANHO) VALUES (17,1,222,35);
INSERT INTO TB_VARIACAO_PRODUTO (ID_PRO, ID_COR, ID_VAR, ID_TAMANHO) VALUES (17,1,223,36);
INSERT INTO TB_VARIACAO_PRODUTO (ID_PRO, ID_COR, ID_VAR, ID_TAMANHO) VALUES (17,1,224,37);
INSERT INTO TB_VARIACAO_PRODUTO (ID_PRO, ID_COR, ID_VAR, ID_TAMANHO) VALUES (17,1,225,38);
INSERT INTO TB_VARIACAO_PRODUTO (ID_PRO, ID_COR, ID_VAR, ID_TAMANHO) VALUES (17,1,226,39);
INSERT INTO TB_VARIACAO_PRODUTO (ID_PRO, ID_COR, ID_VAR, ID_TAMANHO) VALUES (18,1,227,34);
INSERT INTO TB_VARIACAO_PRODUTO (ID_PRO, ID_COR, ID_VAR, ID_TAMANHO) VALUES (18,1,228,35);
INSERT INTO TB_VARIACAO_PRODUTO (ID_PRO, ID_COR, ID_VAR, ID_TAMANHO) VALUES (18,1,229,36);
INSERT INTO TB_VARIACAO_PRODUTO (ID_PRO, ID_COR, ID_VAR, ID_TAMANHO) VALUES (18,1,230,37);
INSERT INTO TB_VARIACAO_PRODUTO (ID_PRO, ID_COR, ID_VAR, ID_TAMANHO) VALUES (18,1,231,38);
INSERT INTO TB_VARIACAO_PRODUTO (ID_PRO, ID_COR, ID_VAR, ID_TAMANHO) VALUES (18,1,232,39);
INSERT INTO TB_VARIACAO_PRODUTO (ID_PRO, ID_COR, ID_VAR, ID_TAMANHO) VALUES (18,4,233,34);
INSERT INTO TB_VARIACAO_PRODUTO (ID_PRO, ID_COR, ID_VAR, ID_TAMANHO) VALUES (18,4,234,35);
INSERT INTO TB_VARIACAO_PRODUTO (ID_PRO, ID_COR, ID_VAR, ID_TAMANHO) VALUES (18,4,235,36);
INSERT INTO TB_VARIACAO_PRODUTO (ID_PRO, ID_COR, ID_VAR, ID_TAMANHO) VALUES (18,4,236,37);
INSERT INTO TB_VARIACAO_PRODUTO (ID_PRO, ID_COR, ID_VAR, ID_TAMANHO) VALUES (18,4,237,38);
INSERT INTO TB_VARIACAO_PRODUTO (ID_PRO, ID_COR, ID_VAR, ID_TAMANHO) VALUES (18,4,238,39);
INSERT INTO TB_VARIACAO_PRODUTO (ID_PRO, ID_COR, ID_VAR, ID_TAMANHO) VALUES (19,1,239,34);
INSERT INTO TB_VARIACAO_PRODUTO (ID_PRO, ID_COR, ID_VAR, ID_TAMANHO) VALUES (19,1,240,35);
INSERT INTO TB_VARIACAO_PRODUTO (ID_PRO, ID_COR, ID_VAR, ID_TAMANHO) VALUES (19,1,241,36);
INSERT INTO TB_VARIACAO_PRODUTO (ID_PRO, ID_COR, ID_VAR, ID_TAMANHO) VALUES (19,1,242,37);
INSERT INTO TB_VARIACAO_PRODUTO (ID_PRO, ID_COR, ID_VAR, ID_TAMANHO) VALUES (19,1,243,38);
INSERT INTO TB_VARIACAO_PRODUTO (ID_PRO, ID_COR, ID_VAR, ID_TAMANHO) VALUES (19,1,244,39);
INSERT INTO TB_VARIACAO_PRODUTO (ID_PRO, ID_COR, ID_VAR, ID_TAMANHO) VALUES (19,11,245,34);
INSERT INTO TB_VARIACAO_PRODUTO (ID_PRO, ID_COR, ID_VAR, ID_TAMANHO) VALUES (19,11,246,35);
INSERT INTO TB_VARIACAO_PRODUTO (ID_PRO, ID_COR, ID_VAR, ID_TAMANHO) VALUES (19,11,247,36);
INSERT INTO TB_VARIACAO_PRODUTO (ID_PRO, ID_COR, ID_VAR, ID_TAMANHO) VALUES (19,11,248,37);
INSERT INTO TB_VARIACAO_PRODUTO (ID_PRO, ID_COR, ID_VAR, ID_TAMANHO) VALUES (19,11,249,38);
INSERT INTO TB_VARIACAO_PRODUTO (ID_PRO, ID_COR, ID_VAR, ID_TAMANHO) VALUES (19,11,250,39);
INSERT INTO TB_VARIACAO_PRODUTO (ID_PRO, ID_COR, ID_VAR, ID_TAMANHO) VALUES (20,1,251,34);
INSERT INTO TB_VARIACAO_PRODUTO (ID_PRO, ID_COR, ID_VAR, ID_TAMANHO) VALUES (20,1,252,35);
INSERT INTO TB_VARIACAO_PRODUTO (ID_PRO, ID_COR, ID_VAR, ID_TAMANHO) VALUES (20,1,253,36);
INSERT INTO TB_VARIACAO_PRODUTO (ID_PRO, ID_COR, ID_VAR, ID_TAMANHO) VALUES (20,1,254,37);
INSERT INTO TB_VARIACAO_PRODUTO (ID_PRO, ID_COR, ID_VAR, ID_TAMANHO) VALUES (20,1,255,38);
INSERT INTO TB_VARIACAO_PRODUTO (ID_PRO, ID_COR, ID_VAR, ID_TAMANHO) VALUES (20,1,256,39);
INSERT INTO TB_VARIACAO_PRODUTO (ID_PRO, ID_COR, ID_VAR, ID_TAMANHO) VALUES (20,3,257,34);
INSERT INTO TB_VARIACAO_PRODUTO (ID_PRO, ID_COR, ID_VAR, ID_TAMANHO) VALUES (20,3,258,35);
INSERT INTO TB_VARIACAO_PRODUTO (ID_PRO, ID_COR, ID_VAR, ID_TAMANHO) VALUES (20,3,259,36);
INSERT INTO TB_VARIACAO_PRODUTO (ID_PRO, ID_COR, ID_VAR, ID_TAMANHO) VALUES (20,3,260,37);
INSERT INTO TB_VARIACAO_PRODUTO (ID_PRO, ID_COR, ID_VAR, ID_TAMANHO) VALUES (20,3,261,38);
INSERT INTO TB_VARIACAO_PRODUTO (ID_PRO, ID_COR, ID_VAR, ID_TAMANHO) VALUES (20,3,262,39);
INSERT INTO TB_VARIACAO_PRODUTO (ID_PRO, ID_COR, ID_VAR, ID_TAMANHO) VALUES (21,8,263,34);
INSERT INTO TB_VARIACAO_PRODUTO (ID_PRO, ID_COR, ID_VAR, ID_TAMANHO) VALUES (21,8,264,35);
INSERT INTO TB_VARIACAO_PRODUTO (ID_PRO, ID_COR, ID_VAR, ID_TAMANHO) VALUES (21,8,265,36);
INSERT INTO TB_VARIACAO_PRODUTO (ID_PRO, ID_COR, ID_VAR, ID_TAMANHO) VALUES (21,8,266,37);
INSERT INTO TB_VARIACAO_PRODUTO (ID_PRO, ID_COR, ID_VAR, ID_TAMANHO) VALUES (21,8,267,38);
INSERT INTO TB_VARIACAO_PRODUTO (ID_PRO, ID_COR, ID_VAR, ID_TAMANHO) VALUES (21,8,268,39);
INSERT INTO TB_VARIACAO_PRODUTO (ID_PRO, ID_COR, ID_VAR, ID_TAMANHO) VALUES (30,1,269,20);
INSERT INTO TB_VARIACAO_PRODUTO (ID_PRO, ID_COR, ID_VAR, ID_TAMANHO) VALUES (30,1,270,21);
INSERT INTO TB_VARIACAO_PRODUTO (ID_PRO, ID_COR, ID_VAR, ID_TAMANHO) VALUES (30,1,271,22);
INSERT INTO TB_VARIACAO_PRODUTO (ID_PRO, ID_COR, ID_VAR, ID_TAMANHO) VALUES (30,1,272,23);
INSERT INTO TB_VARIACAO_PRODUTO (ID_PRO, ID_COR, ID_VAR, ID_TAMANHO) VALUES (30,1,273,24);
INSERT INTO TB_VARIACAO_PRODUTO (ID_PRO, ID_COR, ID_VAR, ID_TAMANHO) VALUES (30,1,274,25);
INSERT INTO TB_VARIACAO_PRODUTO (ID_PRO, ID_COR, ID_VAR, ID_TAMANHO) VALUES (30,1,275,26);
INSERT INTO TB_VARIACAO_PRODUTO (ID_PRO, ID_COR, ID_VAR, ID_TAMANHO) VALUES (30,1,276,27);
INSERT INTO TB_VARIACAO_PRODUTO (ID_PRO, ID_COR, ID_VAR, ID_TAMANHO) VALUES (30,2,277,20);
INSERT INTO TB_VARIACAO_PRODUTO (ID_PRO, ID_COR, ID_VAR, ID_TAMANHO) VALUES (30,2,278,21);
INSERT INTO TB_VARIACAO_PRODUTO (ID_PRO, ID_COR, ID_VAR, ID_TAMANHO) VALUES (30,2,279,22);
INSERT INTO TB_VARIACAO_PRODUTO (ID_PRO, ID_COR, ID_VAR, ID_TAMANHO) VALUES (30,2,280,23);
INSERT INTO TB_VARIACAO_PRODUTO (ID_PRO, ID_COR, ID_VAR, ID_TAMANHO) VALUES (30,2,281,24);
INSERT INTO TB_VARIACAO_PRODUTO (ID_PRO, ID_COR, ID_VAR, ID_TAMANHO) VALUES (30,2,282,25);
INSERT INTO TB_VARIACAO_PRODUTO (ID_PRO, ID_COR, ID_VAR, ID_TAMANHO) VALUES (30,2,283,26);
INSERT INTO TB_VARIACAO_PRODUTO (ID_PRO, ID_COR, ID_VAR, ID_TAMANHO) VALUES (30,2,284,27);
INSERT INTO TB_VARIACAO_PRODUTO (ID_PRO, ID_COR, ID_VAR, ID_TAMANHO) VALUES (30,12,285,20);
INSERT INTO TB_VARIACAO_PRODUTO (ID_PRO, ID_COR, ID_VAR, ID_TAMANHO) VALUES (30,12,286,21);
INSERT INTO TB_VARIACAO_PRODUTO (ID_PRO, ID_COR, ID_VAR, ID_TAMANHO) VALUES (30,12,287,22);
INSERT INTO TB_VARIACAO_PRODUTO (ID_PRO, ID_COR, ID_VAR, ID_TAMANHO) VALUES (30,12,288,23);
INSERT INTO TB_VARIACAO_PRODUTO (ID_PRO, ID_COR, ID_VAR, ID_TAMANHO) VALUES (30,12,289,24);
INSERT INTO TB_VARIACAO_PRODUTO (ID_PRO, ID_COR, ID_VAR, ID_TAMANHO) VALUES (30,12,290,25);
INSERT INTO TB_VARIACAO_PRODUTO (ID_PRO, ID_COR, ID_VAR, ID_TAMANHO) VALUES (30,12,291,26);
INSERT INTO TB_VARIACAO_PRODUTO (ID_PRO, ID_COR, ID_VAR, ID_TAMANHO) VALUES (30,12,292,27);
INSERT INTO TB_VARIACAO_PRODUTO (ID_PRO, ID_COR, ID_VAR, ID_TAMANHO) VALUES (31,1,293,30);
INSERT INTO TB_VARIACAO_PRODUTO (ID_PRO, ID_COR, ID_VAR, ID_TAMANHO) VALUES (31,1,294,31);
INSERT INTO TB_VARIACAO_PRODUTO (ID_PRO, ID_COR, ID_VAR, ID_TAMANHO) VALUES (31,1,295,32);
INSERT INTO TB_VARIACAO_PRODUTO (ID_PRO, ID_COR, ID_VAR, ID_TAMANHO) VALUES (31,1,296,34);
INSERT INTO TB_VARIACAO_PRODUTO (ID_PRO, ID_COR, ID_VAR, ID_TAMANHO) VALUES (31,1,297,35);
INSERT INTO TB_VARIACAO_PRODUTO (ID_PRO, ID_COR, ID_VAR, ID_TAMANHO) VALUES (31,2,298,30);
INSERT INTO TB_VARIACAO_PRODUTO (ID_PRO, ID_COR, ID_VAR, ID_TAMANHO) VALUES (31,2,299,31);
INSERT INTO TB_VARIACAO_PRODUTO (ID_PRO, ID_COR, ID_VAR, ID_TAMANHO) VALUES (31,2,300,32);
INSERT INTO TB_VARIACAO_PRODUTO (ID_PRO, ID_COR, ID_VAR, ID_TAMANHO) VALUES (31,2,301,34);
INSERT INTO TB_VARIACAO_PRODUTO (ID_PRO, ID_COR, ID_VAR, ID_TAMANHO) VALUES (31,2,302,35);
INSERT INTO TB_VARIACAO_PRODUTO (ID_PRO, ID_COR, ID_VAR, ID_TAMANHO) VALUES (31,13,303,30);
INSERT INTO TB_VARIACAO_PRODUTO (ID_PRO, ID_COR, ID_VAR, ID_TAMANHO) VALUES (31,13,304,31);
INSERT INTO TB_VARIACAO_PRODUTO (ID_PRO, ID_COR, ID_VAR, ID_TAMANHO) VALUES (31,13,305,32);
INSERT INTO TB_VARIACAO_PRODUTO (ID_PRO, ID_COR, ID_VAR, ID_TAMANHO) VALUES (31,13,306,34);
INSERT INTO TB_VARIACAO_PRODUTO (ID_PRO, ID_COR, ID_VAR, ID_TAMANHO) VALUES (31,13,307,35);
INSERT INTO TB_VARIACAO_PRODUTO (ID_PRO, ID_COR, ID_VAR, ID_TAMANHO) VALUES (32,1,308,25);
INSERT INTO TB_VARIACAO_PRODUTO (ID_PRO, ID_COR, ID_VAR, ID_TAMANHO) VALUES (32,1,309,26);
INSERT INTO TB_VARIACAO_PRODUTO (ID_PRO, ID_COR, ID_VAR, ID_TAMANHO) VALUES (32,1,310,27);
INSERT INTO TB_VARIACAO_PRODUTO (ID_PRO, ID_COR, ID_VAR, ID_TAMANHO) VALUES (32,1,311,28);
INSERT INTO TB_VARIACAO_PRODUTO (ID_PRO, ID_COR, ID_VAR, ID_TAMANHO) VALUES (32,1,312,29);
INSERT INTO TB_VARIACAO_PRODUTO (ID_PRO, ID_COR, ID_VAR, ID_TAMANHO) VALUES (32,1,313,30);
INSERT INTO TB_VARIACAO_PRODUTO (ID_PRO, ID_COR, ID_VAR, ID_TAMANHO) VALUES (32,1,314,31);
INSERT INTO TB_VARIACAO_PRODUTO (ID_PRO, ID_COR, ID_VAR, ID_TAMANHO) VALUES (32,1,315,32);
INSERT INTO TB_VARIACAO_PRODUTO (ID_PRO, ID_COR, ID_VAR, ID_TAMANHO) VALUES (32,1,316,33);
INSERT INTO TB_VARIACAO_PRODUTO (ID_PRO, ID_COR, ID_VAR, ID_TAMANHO) VALUES (32,1,317,34);
INSERT INTO TB_VARIACAO_PRODUTO (ID_PRO, ID_COR, ID_VAR, ID_TAMANHO) VALUES (32,1,318,35);
INSERT INTO TB_VARIACAO_PRODUTO (ID_PRO, ID_COR, ID_VAR, ID_TAMANHO) VALUES (32,1,319,36);
INSERT INTO TB_VARIACAO_PRODUTO (ID_PRO, ID_COR, ID_VAR, ID_TAMANHO) VALUES (32,4,320,25);
INSERT INTO TB_VARIACAO_PRODUTO (ID_PRO, ID_COR, ID_VAR, ID_TAMANHO) VALUES (32,4,321,26);
INSERT INTO TB_VARIACAO_PRODUTO (ID_PRO, ID_COR, ID_VAR, ID_TAMANHO) VALUES (32,4,322,27);
INSERT INTO TB_VARIACAO_PRODUTO (ID_PRO, ID_COR, ID_VAR, ID_TAMANHO) VALUES (32,4,323,28);
INSERT INTO TB_VARIACAO_PRODUTO (ID_PRO, ID_COR, ID_VAR, ID_TAMANHO) VALUES (32,4,324,29);
INSERT INTO TB_VARIACAO_PRODUTO (ID_PRO, ID_COR, ID_VAR, ID_TAMANHO) VALUES (32,4,325,30);
INSERT INTO TB_VARIACAO_PRODUTO (ID_PRO, ID_COR, ID_VAR, ID_TAMANHO) VALUES (32,4,326,31);
INSERT INTO TB_VARIACAO_PRODUTO (ID_PRO, ID_COR, ID_VAR, ID_TAMANHO) VALUES (32,4,327,32);
INSERT INTO TB_VARIACAO_PRODUTO (ID_PRO, ID_COR, ID_VAR, ID_TAMANHO) VALUES (32,4,328,33);
INSERT INTO TB_VARIACAO_PRODUTO (ID_PRO, ID_COR, ID_VAR, ID_TAMANHO) VALUES (32,4,329,34);
INSERT INTO TB_VARIACAO_PRODUTO (ID_PRO, ID_COR, ID_VAR, ID_TAMANHO) VALUES (32,4,330,35);
INSERT INTO TB_VARIACAO_PRODUTO (ID_PRO, ID_COR, ID_VAR, ID_TAMANHO) VALUES (32,4,331,36);
INSERT INTO TB_VARIACAO_PRODUTO (ID_PRO, ID_COR, ID_VAR, ID_TAMANHO) VALUES (32,14,332,25);
INSERT INTO TB_VARIACAO_PRODUTO (ID_PRO, ID_COR, ID_VAR, ID_TAMANHO) VALUES (32,14,333,26);
INSERT INTO TB_VARIACAO_PRODUTO (ID_PRO, ID_COR, ID_VAR, ID_TAMANHO) VALUES (32,14,334,27);
INSERT INTO TB_VARIACAO_PRODUTO (ID_PRO, ID_COR, ID_VAR, ID_TAMANHO) VALUES (32,14,335,28);
INSERT INTO TB_VARIACAO_PRODUTO (ID_PRO, ID_COR, ID_VAR, ID_TAMANHO) VALUES (32,14,336,29);
INSERT INTO TB_VARIACAO_PRODUTO (ID_PRO, ID_COR, ID_VAR, ID_TAMANHO) VALUES (32,14,337,30);
INSERT INTO TB_VARIACAO_PRODUTO (ID_PRO, ID_COR, ID_VAR, ID_TAMANHO) VALUES (32,14,338,31);
INSERT INTO TB_VARIACAO_PRODUTO (ID_PRO, ID_COR, ID_VAR, ID_TAMANHO) VALUES (32,14,339,32);
INSERT INTO TB_VARIACAO_PRODUTO (ID_PRO, ID_COR, ID_VAR, ID_TAMANHO) VALUES (32,14,340,33);
INSERT INTO TB_VARIACAO_PRODUTO (ID_PRO, ID_COR, ID_VAR, ID_TAMANHO) VALUES (32,14,341,34);
INSERT INTO TB_VARIACAO_PRODUTO (ID_PRO, ID_COR, ID_VAR, ID_TAMANHO) VALUES (32,14,342,35);
INSERT INTO TB_VARIACAO_PRODUTO (ID_PRO, ID_COR, ID_VAR, ID_TAMANHO) VALUES (32,14,343,36);
INSERT INTO TB_VARIACAO_PRODUTO (ID_PRO, ID_COR, ID_VAR, ID_TAMANHO) VALUES (33,4,344,24);
INSERT INTO TB_VARIACAO_PRODUTO (ID_PRO, ID_COR, ID_VAR, ID_TAMANHO) VALUES (33,4,345,25);
INSERT INTO TB_VARIACAO_PRODUTO (ID_PRO, ID_COR, ID_VAR, ID_TAMANHO) VALUES (33,4,346,26);
INSERT INTO TB_VARIACAO_PRODUTO (ID_PRO, ID_COR, ID_VAR, ID_TAMANHO) VALUES (33,4,347,27);
INSERT INTO TB_VARIACAO_PRODUTO (ID_PRO, ID_COR, ID_VAR, ID_TAMANHO) VALUES (33,4,348,28);
INSERT INTO TB_VARIACAO_PRODUTO (ID_PRO, ID_COR, ID_VAR, ID_TAMANHO) VALUES (33,4,349,29);
INSERT INTO TB_VARIACAO_PRODUTO (ID_PRO, ID_COR, ID_VAR, ID_TAMANHO) VALUES (33,4,350,30);
INSERT INTO TB_VARIACAO_PRODUTO (ID_PRO, ID_COR, ID_VAR, ID_TAMANHO) VALUES (33,4,351,31);
INSERT INTO TB_VARIACAO_PRODUTO (ID_PRO, ID_COR, ID_VAR, ID_TAMANHO) VALUES (33,4,352,32);
INSERT INTO TB_VARIACAO_PRODUTO (ID_PRO, ID_COR, ID_VAR, ID_TAMANHO) VALUES (33,12,353,24);
INSERT INTO TB_VARIACAO_PRODUTO (ID_PRO, ID_COR, ID_VAR, ID_TAMANHO) VALUES (33,12,354,25);
INSERT INTO TB_VARIACAO_PRODUTO (ID_PRO, ID_COR, ID_VAR, ID_TAMANHO) VALUES (33,12,355,26);
INSERT INTO TB_VARIACAO_PRODUTO (ID_PRO, ID_COR, ID_VAR, ID_TAMANHO) VALUES (33,12,356,27);
INSERT INTO TB_VARIACAO_PRODUTO (ID_PRO, ID_COR, ID_VAR, ID_TAMANHO) VALUES (33,12,357,28);
INSERT INTO TB_VARIACAO_PRODUTO (ID_PRO, ID_COR, ID_VAR, ID_TAMANHO) VALUES (33,12,358,29);
INSERT INTO TB_VARIACAO_PRODUTO (ID_PRO, ID_COR, ID_VAR, ID_TAMANHO) VALUES (33,12,359,30);
INSERT INTO TB_VARIACAO_PRODUTO (ID_PRO, ID_COR, ID_VAR, ID_TAMANHO) VALUES (33,12,360,31);
INSERT INTO TB_VARIACAO_PRODUTO (ID_PRO, ID_COR, ID_VAR, ID_TAMANHO) VALUES (33,12,361,32);
INSERT INTO TB_VARIACAO_PRODUTO (ID_PRO, ID_COR, ID_VAR, ID_TAMANHO) VALUES (33,14,362,24);
INSERT INTO TB_VARIACAO_PRODUTO (ID_PRO, ID_COR, ID_VAR, ID_TAMANHO) VALUES (33,14,363,25);
INSERT INTO TB_VARIACAO_PRODUTO (ID_PRO, ID_COR, ID_VAR, ID_TAMANHO) VALUES (33,14,364,26);
INSERT INTO TB_VARIACAO_PRODUTO (ID_PRO, ID_COR, ID_VAR, ID_TAMANHO) VALUES (33,14,365,27);
INSERT INTO TB_VARIACAO_PRODUTO (ID_PRO, ID_COR, ID_VAR, ID_TAMANHO) VALUES (33,14,366,28);
INSERT INTO TB_VARIACAO_PRODUTO (ID_PRO, ID_COR, ID_VAR, ID_TAMANHO) VALUES (33,14,367,29);
INSERT INTO TB_VARIACAO_PRODUTO (ID_PRO, ID_COR, ID_VAR, ID_TAMANHO) VALUES (33,14,368,30);
INSERT INTO TB_VARIACAO_PRODUTO (ID_PRO, ID_COR, ID_VAR, ID_TAMANHO) VALUES (33,14,369,31);
INSERT INTO TB_VARIACAO_PRODUTO (ID_PRO, ID_COR, ID_VAR, ID_TAMANHO) VALUES (33,14,370,32);
INSERT INTO TB_VARIACAO_PRODUTO (ID_PRO, ID_COR, ID_VAR, ID_TAMANHO) VALUES (34,1,371,26);
INSERT INTO TB_VARIACAO_PRODUTO (ID_PRO, ID_COR, ID_VAR, ID_TAMANHO) VALUES (34,1,372,27);
INSERT INTO TB_VARIACAO_PRODUTO (ID_PRO, ID_COR, ID_VAR, ID_TAMANHO) VALUES (34,1,373,31);
INSERT INTO TB_VARIACAO_PRODUTO (ID_PRO, ID_COR, ID_VAR, ID_TAMANHO) VALUES (34,1,374,32);
INSERT INTO TB_VARIACAO_PRODUTO (ID_PRO, ID_COR, ID_VAR, ID_TAMANHO) VALUES (34,1,375,33);
INSERT INTO TB_VARIACAO_PRODUTO (ID_PRO, ID_COR, ID_VAR, ID_TAMANHO) VALUES (34,1,376,34);
INSERT INTO TB_VARIACAO_PRODUTO (ID_PRO, ID_COR, ID_VAR, ID_TAMANHO) VALUES (34,1,377,35);
INSERT INTO TB_VARIACAO_PRODUTO (ID_PRO, ID_COR, ID_VAR, ID_TAMANHO) VALUES (34,1,378,36);
INSERT INTO TB_VARIACAO_PRODUTO (ID_PRO, ID_COR, ID_VAR, ID_TAMANHO) VALUES (34,3,379,26);
INSERT INTO TB_VARIACAO_PRODUTO (ID_PRO, ID_COR, ID_VAR, ID_TAMANHO) VALUES (34,3,380,27);
INSERT INTO TB_VARIACAO_PRODUTO (ID_PRO, ID_COR, ID_VAR, ID_TAMANHO) VALUES (34,3,381,31);
INSERT INTO TB_VARIACAO_PRODUTO (ID_PRO, ID_COR, ID_VAR, ID_TAMANHO) VALUES (34,3,382,32);
INSERT INTO TB_VARIACAO_PRODUTO (ID_PRO, ID_COR, ID_VAR, ID_TAMANHO) VALUES (34,3,383,33);
INSERT INTO TB_VARIACAO_PRODUTO (ID_PRO, ID_COR, ID_VAR, ID_TAMANHO) VALUES (34,3,384,34);
INSERT INTO TB_VARIACAO_PRODUTO (ID_PRO, ID_COR, ID_VAR, ID_TAMANHO) VALUES (34,3,385,35);
INSERT INTO TB_VARIACAO_PRODUTO (ID_PRO, ID_COR, ID_VAR, ID_TAMANHO) VALUES (34,3,386,36);
INSERT INTO TB_VARIACAO_PRODUTO (ID_PRO, ID_COR, ID_VAR, ID_TAMANHO) VALUES (34,4,387,26);
INSERT INTO TB_VARIACAO_PRODUTO (ID_PRO, ID_COR, ID_VAR, ID_TAMANHO) VALUES (34,4,388,27);
INSERT INTO TB_VARIACAO_PRODUTO (ID_PRO, ID_COR, ID_VAR, ID_TAMANHO) VALUES (34,4,389,31);
INSERT INTO TB_VARIACAO_PRODUTO (ID_PRO, ID_COR, ID_VAR, ID_TAMANHO) VALUES (34,4,390,32);
INSERT INTO TB_VARIACAO_PRODUTO (ID_PRO, ID_COR, ID_VAR, ID_TAMANHO) VALUES (34,4,391,33);
INSERT INTO TB_VARIACAO_PRODUTO (ID_PRO, ID_COR, ID_VAR, ID_TAMANHO) VALUES (34,4,392,34);
INSERT INTO TB_VARIACAO_PRODUTO (ID_PRO, ID_COR, ID_VAR, ID_TAMANHO) VALUES (34,4,393,35);
INSERT INTO TB_VARIACAO_PRODUTO (ID_PRO, ID_COR, ID_VAR, ID_TAMANHO) VALUES (34,4,394,36);
INSERT INTO TB_VARIACAO_PRODUTO (ID_PRO, ID_COR, ID_VAR, ID_TAMANHO) VALUES (35,7,395,15);
INSERT INTO TB_VARIACAO_PRODUTO (ID_PRO, ID_COR, ID_VAR, ID_TAMANHO) VALUES (35,7,396,16);
INSERT INTO TB_VARIACAO_PRODUTO (ID_PRO, ID_COR, ID_VAR, ID_TAMANHO) VALUES (35,7,397,17);
INSERT INTO TB_VARIACAO_PRODUTO (ID_PRO, ID_COR, ID_VAR, ID_TAMANHO) VALUES (35,7,398,18);
INSERT INTO TB_VARIACAO_PRODUTO (ID_PRO, ID_COR, ID_VAR, ID_TAMANHO) VALUES (35,7,399,19);
INSERT INTO TB_VARIACAO_PRODUTO (ID_PRO, ID_COR, ID_VAR, ID_TAMANHO) VALUES (35,7,400,20);
INSERT INTO TB_VARIACAO_PRODUTO (ID_PRO, ID_COR, ID_VAR, ID_TAMANHO) VALUES (35,7,401,21);
INSERT INTO TB_VARIACAO_PRODUTO (ID_PRO, ID_COR, ID_VAR, ID_TAMANHO) VALUES (35,7,402,22);
INSERT INTO TB_VARIACAO_PRODUTO (ID_PRO, ID_COR, ID_VAR, ID_TAMANHO) VALUES (35,7,403,23);
INSERT INTO TB_VARIACAO_PRODUTO (ID_PRO, ID_COR, ID_VAR, ID_TAMANHO) VALUES (35,7,404,24);
INSERT INTO TB_VARIACAO_PRODUTO (ID_PRO, ID_COR, ID_VAR, ID_TAMANHO) VALUES (35,7,405,25);
INSERT INTO TB_VARIACAO_PRODUTO (ID_PRO, ID_COR, ID_VAR, ID_TAMANHO) VALUES (35,7,406,26);
INSERT INTO TB_VARIACAO_PRODUTO (ID_PRO, ID_COR, ID_VAR, ID_TAMANHO) VALUES (35,7,407,27);
INSERT INTO TB_VARIACAO_PRODUTO (ID_PRO, ID_COR, ID_VAR, ID_TAMANHO) VALUES (35,7,408,28);
INSERT INTO TB_VARIACAO_PRODUTO (ID_PRO, ID_COR, ID_VAR, ID_TAMANHO) VALUES (35,15,409,15);
INSERT INTO TB_VARIACAO_PRODUTO (ID_PRO, ID_COR, ID_VAR, ID_TAMANHO) VALUES (35,15,410,16);
INSERT INTO TB_VARIACAO_PRODUTO (ID_PRO, ID_COR, ID_VAR, ID_TAMANHO) VALUES (35,15,411,17);
INSERT INTO TB_VARIACAO_PRODUTO (ID_PRO, ID_COR, ID_VAR, ID_TAMANHO) VALUES (35,15,412,18);
INSERT INTO TB_VARIACAO_PRODUTO (ID_PRO, ID_COR, ID_VAR, ID_TAMANHO) VALUES (35,15,413,19);
INSERT INTO TB_VARIACAO_PRODUTO (ID_PRO, ID_COR, ID_VAR, ID_TAMANHO) VALUES (35,15,414,20);
INSERT INTO TB_VARIACAO_PRODUTO (ID_PRO, ID_COR, ID_VAR, ID_TAMANHO) VALUES (35,15,415,21);
INSERT INTO TB_VARIACAO_PRODUTO (ID_PRO, ID_COR, ID_VAR, ID_TAMANHO) VALUES (35,15,416,22);
INSERT INTO TB_VARIACAO_PRODUTO (ID_PRO, ID_COR, ID_VAR, ID_TAMANHO) VALUES (35,15,417,23);
INSERT INTO TB_VARIACAO_PRODUTO (ID_PRO, ID_COR, ID_VAR, ID_TAMANHO) VALUES (35,15,418,24);
INSERT INTO TB_VARIACAO_PRODUTO (ID_PRO, ID_COR, ID_VAR, ID_TAMANHO) VALUES (35,15,419,25);
INSERT INTO TB_VARIACAO_PRODUTO (ID_PRO, ID_COR, ID_VAR, ID_TAMANHO) VALUES (35,15,420,26);
INSERT INTO TB_VARIACAO_PRODUTO (ID_PRO, ID_COR, ID_VAR, ID_TAMANHO) VALUES (35,15,421,27);
INSERT INTO TB_VARIACAO_PRODUTO (ID_PRO, ID_COR, ID_VAR, ID_TAMANHO) VALUES (35,15,422,28);
INSERT INTO TB_VARIACAO_PRODUTO (ID_PRO, ID_COR, ID_VAR, ID_TAMANHO) VALUES (36,1,423,25);
INSERT INTO TB_VARIACAO_PRODUTO (ID_PRO, ID_COR, ID_VAR, ID_TAMANHO) VALUES (36,1,424,26);
INSERT INTO TB_VARIACAO_PRODUTO (ID_PRO, ID_COR, ID_VAR, ID_TAMANHO) VALUES (36,1,425,27);
INSERT INTO TB_VARIACAO_PRODUTO (ID_PRO, ID_COR, ID_VAR, ID_TAMANHO) VALUES (36,1,426,28);
INSERT INTO TB_VARIACAO_PRODUTO (ID_PRO, ID_COR, ID_VAR, ID_TAMANHO) VALUES (36,1,427,29);
INSERT INTO TB_VARIACAO_PRODUTO (ID_PRO, ID_COR, ID_VAR, ID_TAMANHO) VALUES (36,1,428,30);
INSERT INTO TB_VARIACAO_PRODUTO (ID_PRO, ID_COR, ID_VAR, ID_TAMANHO) VALUES (36,1,429,31);
INSERT INTO TB_VARIACAO_PRODUTO (ID_PRO, ID_COR, ID_VAR, ID_TAMANHO) VALUES (36,1,430,32);
INSERT INTO TB_VARIACAO_PRODUTO (ID_PRO, ID_COR, ID_VAR, ID_TAMANHO) VALUES (36,1,431,33);
INSERT INTO TB_VARIACAO_PRODUTO (ID_PRO, ID_COR, ID_VAR, ID_TAMANHO) VALUES (36,1,432,34);
INSERT INTO TB_VARIACAO_PRODUTO (ID_PRO, ID_COR, ID_VAR, ID_TAMANHO) VALUES (36,4,433,25);
INSERT INTO TB_VARIACAO_PRODUTO (ID_PRO, ID_COR, ID_VAR, ID_TAMANHO) VALUES (36,4,434,26);
INSERT INTO TB_VARIACAO_PRODUTO (ID_PRO, ID_COR, ID_VAR, ID_TAMANHO) VALUES (36,4,435,27);
INSERT INTO TB_VARIACAO_PRODUTO (ID_PRO, ID_COR, ID_VAR, ID_TAMANHO) VALUES (36,4,436,28);
INSERT INTO TB_VARIACAO_PRODUTO (ID_PRO, ID_COR, ID_VAR, ID_TAMANHO) VALUES (36,4,437,29);
INSERT INTO TB_VARIACAO_PRODUTO (ID_PRO, ID_COR, ID_VAR, ID_TAMANHO) VALUES (36,4,438,30);
INSERT INTO TB_VARIACAO_PRODUTO (ID_PRO, ID_COR, ID_VAR, ID_TAMANHO) VALUES (36,4,439,31);
INSERT INTO TB_VARIACAO_PRODUTO (ID_PRO, ID_COR, ID_VAR, ID_TAMANHO) VALUES (36,4,440,32);
INSERT INTO TB_VARIACAO_PRODUTO (ID_PRO, ID_COR, ID_VAR, ID_TAMANHO) VALUES (36,4,441,33);
INSERT INTO TB_VARIACAO_PRODUTO (ID_PRO, ID_COR, ID_VAR, ID_TAMANHO) VALUES (36,4,442,34);
INSERT INTO TB_VARIACAO_PRODUTO (ID_PRO, ID_COR, ID_VAR, ID_TAMANHO) VALUES (36,6,443,25);
INSERT INTO TB_VARIACAO_PRODUTO (ID_PRO, ID_COR, ID_VAR, ID_TAMANHO) VALUES (36,6,444,26);
INSERT INTO TB_VARIACAO_PRODUTO (ID_PRO, ID_COR, ID_VAR, ID_TAMANHO) VALUES (36,6,445,27);
INSERT INTO TB_VARIACAO_PRODUTO (ID_PRO, ID_COR, ID_VAR, ID_TAMANHO) VALUES (36,6,446,28);
INSERT INTO TB_VARIACAO_PRODUTO (ID_PRO, ID_COR, ID_VAR, ID_TAMANHO) VALUES (36,6,447,29);
INSERT INTO TB_VARIACAO_PRODUTO (ID_PRO, ID_COR, ID_VAR, ID_TAMANHO) VALUES (36,6,448,30);
INSERT INTO TB_VARIACAO_PRODUTO (ID_PRO, ID_COR, ID_VAR, ID_TAMANHO) VALUES (36,6,449,31);
INSERT INTO TB_VARIACAO_PRODUTO (ID_PRO, ID_COR, ID_VAR, ID_TAMANHO) VALUES (36,6,450,32);
INSERT INTO TB_VARIACAO_PRODUTO (ID_PRO, ID_COR, ID_VAR, ID_TAMANHO) VALUES (36,6,451,33);
INSERT INTO TB_VARIACAO_PRODUTO (ID_PRO, ID_COR, ID_VAR, ID_TAMANHO) VALUES (36,6,452,34);
INSERT INTO TB_VARIACAO_PRODUTO (ID_PRO, ID_COR, ID_VAR, ID_TAMANHO) VALUES (37,12,453,27);
INSERT INTO TB_VARIACAO_PRODUTO (ID_PRO, ID_COR, ID_VAR, ID_TAMANHO) VALUES (37,12,454,28);
INSERT INTO TB_VARIACAO_PRODUTO (ID_PRO, ID_COR, ID_VAR, ID_TAMANHO) VALUES (37,12,455,29);
INSERT INTO TB_VARIACAO_PRODUTO (ID_PRO, ID_COR, ID_VAR, ID_TAMANHO) VALUES (37,12,456,30);
INSERT INTO TB_VARIACAO_PRODUTO (ID_PRO, ID_COR, ID_VAR, ID_TAMANHO) VALUES (37,12,457,31);
INSERT INTO TB_VARIACAO_PRODUTO (ID_PRO, ID_COR, ID_VAR, ID_TAMANHO) VALUES (37,12,458,32);
INSERT INTO TB_VARIACAO_PRODUTO (ID_PRO, ID_COR, ID_VAR, ID_TAMANHO) VALUES (37,12,459,33);
INSERT INTO TB_VARIACAO_PRODUTO (ID_PRO, ID_COR, ID_VAR, ID_TAMANHO) VALUES (37,12,460,34);
INSERT INTO TB_VARIACAO_PRODUTO (ID_PRO, ID_COR, ID_VAR, ID_TAMANHO) VALUES (37,12,461,35);
INSERT INTO TB_VARIACAO_PRODUTO (ID_PRO, ID_COR, ID_VAR, ID_TAMANHO) VALUES (37,12,462,36);
INSERT INTO TB_VARIACAO_PRODUTO (ID_PRO, ID_COR, ID_VAR, ID_TAMANHO) VALUES (38,7,463,31);
INSERT INTO TB_VARIACAO_PRODUTO (ID_PRO, ID_COR, ID_VAR, ID_TAMANHO) VALUES (38,7,464,32);
INSERT INTO TB_VARIACAO_PRODUTO (ID_PRO, ID_COR, ID_VAR, ID_TAMANHO) VALUES (38,7,465,33);
INSERT INTO TB_VARIACAO_PRODUTO (ID_PRO, ID_COR, ID_VAR, ID_TAMANHO) VALUES (38,7,466,34);
INSERT INTO TB_VARIACAO_PRODUTO (ID_PRO, ID_COR, ID_VAR, ID_TAMANHO) VALUES (38,7,467,35);
INSERT INTO TB_VARIACAO_PRODUTO (ID_PRO, ID_COR, ID_VAR, ID_TAMANHO) VALUES (38,7,468,36);
INSERT INTO TB_VARIACAO_PRODUTO (ID_PRO, ID_COR, ID_VAR, ID_TAMANHO) VALUES (39,1,469,15);
INSERT INTO TB_VARIACAO_PRODUTO (ID_PRO, ID_COR, ID_VAR, ID_TAMANHO) VALUES (39,1,470,16);
INSERT INTO TB_VARIACAO_PRODUTO (ID_PRO, ID_COR, ID_VAR, ID_TAMANHO) VALUES (39,1,471,17);
INSERT INTO TB_VARIACAO_PRODUTO (ID_PRO, ID_COR, ID_VAR, ID_TAMANHO) VALUES (39,1,472,18);
INSERT INTO TB_VARIACAO_PRODUTO (ID_PRO, ID_COR, ID_VAR, ID_TAMANHO) VALUES (39,1,473,19);
INSERT INTO TB_VARIACAO_PRODUTO (ID_PRO, ID_COR, ID_VAR, ID_TAMANHO) VALUES (39,1,474,20);
INSERT INTO TB_VARIACAO_PRODUTO (ID_PRO, ID_COR, ID_VAR, ID_TAMANHO) VALUES (39,1,475,21);
INSERT INTO TB_VARIACAO_PRODUTO (ID_PRO, ID_COR, ID_VAR, ID_TAMANHO) VALUES (39,1,476,22);
INSERT INTO TB_VARIACAO_PRODUTO (ID_PRO, ID_COR, ID_VAR, ID_TAMANHO) VALUES (39,1,477,23);
INSERT INTO TB_VARIACAO_PRODUTO (ID_PRO, ID_COR, ID_VAR, ID_TAMANHO) VALUES (39,1,478,24);
INSERT INTO TB_VARIACAO_PRODUTO (ID_PRO, ID_COR, ID_VAR, ID_TAMANHO) VALUES (39,4,479,15);
INSERT INTO TB_VARIACAO_PRODUTO (ID_PRO, ID_COR, ID_VAR, ID_TAMANHO) VALUES (39,4,480,16);
INSERT INTO TB_VARIACAO_PRODUTO (ID_PRO, ID_COR, ID_VAR, ID_TAMANHO) VALUES (39,4,481,17);
INSERT INTO TB_VARIACAO_PRODUTO (ID_PRO, ID_COR, ID_VAR, ID_TAMANHO) VALUES (39,4,482,18);
INSERT INTO TB_VARIACAO_PRODUTO (ID_PRO, ID_COR, ID_VAR, ID_TAMANHO) VALUES (39,4,483,19);
INSERT INTO TB_VARIACAO_PRODUTO (ID_PRO, ID_COR, ID_VAR, ID_TAMANHO) VALUES (39,4,484,20);
INSERT INTO TB_VARIACAO_PRODUTO (ID_PRO, ID_COR, ID_VAR, ID_TAMANHO) VALUES (39,4,485,21);
INSERT INTO TB_VARIACAO_PRODUTO (ID_PRO, ID_COR, ID_VAR, ID_TAMANHO) VALUES (39,4,486,22);
INSERT INTO TB_VARIACAO_PRODUTO (ID_PRO, ID_COR, ID_VAR, ID_TAMANHO) VALUES (39,4,487,23);
INSERT INTO TB_VARIACAO_PRODUTO (ID_PRO, ID_COR, ID_VAR, ID_TAMANHO) VALUES (39,4,488,24);
INSERT INTO TB_VARIACAO_PRODUTO (ID_PRO, ID_COR, ID_VAR, ID_TAMANHO) VALUES (40,4,489,21);
INSERT INTO TB_VARIACAO_PRODUTO (ID_PRO, ID_COR, ID_VAR, ID_TAMANHO) VALUES (40,4,490,22);
INSERT INTO TB_VARIACAO_PRODUTO (ID_PRO, ID_COR, ID_VAR, ID_TAMANHO) VALUES (40,4,491,23);
INSERT INTO TB_VARIACAO_PRODUTO (ID_PRO, ID_COR, ID_VAR, ID_TAMANHO) VALUES (40,4,492,24);
INSERT INTO TB_VARIACAO_PRODUTO (ID_PRO, ID_COR, ID_VAR, ID_TAMANHO) VALUES (40,4,493,25);
INSERT INTO TB_VARIACAO_PRODUTO (ID_PRO, ID_COR, ID_VAR, ID_TAMANHO) VALUES (40,4,494,26);
INSERT INTO TB_VARIACAO_PRODUTO (ID_PRO, ID_COR, ID_VAR, ID_TAMANHO) VALUES (40,4,495,27);
INSERT INTO TB_VARIACAO_PRODUTO (ID_PRO, ID_COR, ID_VAR, ID_TAMANHO) VALUES (40,4,496,28);
INSERT INTO TB_VARIACAO_PRODUTO (ID_PRO, ID_COR, ID_VAR, ID_TAMANHO) VALUES (40,6,497,21);
INSERT INTO TB_VARIACAO_PRODUTO (ID_PRO, ID_COR, ID_VAR, ID_TAMANHO) VALUES (40,6,498,22);
INSERT INTO TB_VARIACAO_PRODUTO (ID_PRO, ID_COR, ID_VAR, ID_TAMANHO) VALUES (40,6,499,23);
INSERT INTO TB_VARIACAO_PRODUTO (ID_PRO, ID_COR, ID_VAR, ID_TAMANHO) VALUES (40,6,500,24);
INSERT INTO TB_VARIACAO_PRODUTO (ID_PRO, ID_COR, ID_VAR, ID_TAMANHO) VALUES (40,6,501,25);
INSERT INTO TB_VARIACAO_PRODUTO (ID_PRO, ID_COR, ID_VAR, ID_TAMANHO) VALUES (40,6,502,26);
INSERT INTO TB_VARIACAO_PRODUTO (ID_PRO, ID_COR, ID_VAR, ID_TAMANHO) VALUES (40,6,503,27);
INSERT INTO TB_VARIACAO_PRODUTO (ID_PRO, ID_COR, ID_VAR, ID_TAMANHO) VALUES (40,6,504,28);
INSERT INTO TB_VARIACAO_PRODUTO (ID_PRO, ID_COR, ID_VAR, ID_TAMANHO) VALUES (40,15,505,21);
INSERT INTO TB_VARIACAO_PRODUTO (ID_PRO, ID_COR, ID_VAR, ID_TAMANHO) VALUES (40,15,506,22);
INSERT INTO TB_VARIACAO_PRODUTO (ID_PRO, ID_COR, ID_VAR, ID_TAMANHO) VALUES (40,15,507,23);
INSERT INTO TB_VARIACAO_PRODUTO (ID_PRO, ID_COR, ID_VAR, ID_TAMANHO) VALUES (40,15,508,24);
INSERT INTO TB_VARIACAO_PRODUTO (ID_PRO, ID_COR, ID_VAR, ID_TAMANHO) VALUES (40,15,509,25);
INSERT INTO TB_VARIACAO_PRODUTO (ID_PRO, ID_COR, ID_VAR, ID_TAMANHO) VALUES (40,15,510,26);
INSERT INTO TB_VARIACAO_PRODUTO (ID_PRO, ID_COR, ID_VAR, ID_TAMANHO) VALUES (40,15,511,27);
INSERT INTO TB_VARIACAO_PRODUTO (ID_PRO, ID_COR, ID_VAR, ID_TAMANHO) VALUES (40,15,512,28);
INSERT INTO TB_VARIACAO_PRODUTO (ID_PRO, ID_COR, ID_VAR, ID_TAMANHO) VALUES (41,3,513,26);
INSERT INTO TB_VARIACAO_PRODUTO (ID_PRO, ID_COR, ID_VAR, ID_TAMANHO) VALUES (41,3,514,27);
INSERT INTO TB_VARIACAO_PRODUTO (ID_PRO, ID_COR, ID_VAR, ID_TAMANHO) VALUES (41,3,515,28);
INSERT INTO TB_VARIACAO_PRODUTO (ID_PRO, ID_COR, ID_VAR, ID_TAMANHO) VALUES (41,3,516,29);
INSERT INTO TB_VARIACAO_PRODUTO (ID_PRO, ID_COR, ID_VAR, ID_TAMANHO) VALUES (41,3,517,30);
INSERT INTO TB_VARIACAO_PRODUTO (ID_PRO, ID_COR, ID_VAR, ID_TAMANHO) VALUES (41,3,518,31);
INSERT INTO TB_VARIACAO_PRODUTO (ID_PRO, ID_COR, ID_VAR, ID_TAMANHO) VALUES (41,3,519,32);
INSERT INTO TB_VARIACAO_PRODUTO (ID_PRO, ID_COR, ID_VAR, ID_TAMANHO) VALUES (41,3,520,33);
INSERT INTO TB_VARIACAO_PRODUTO (ID_PRO, ID_COR, ID_VAR, ID_TAMANHO) VALUES (41,4,521,26);
INSERT INTO TB_VARIACAO_PRODUTO (ID_PRO, ID_COR, ID_VAR, ID_TAMANHO) VALUES (41,4,522,27);
INSERT INTO TB_VARIACAO_PRODUTO (ID_PRO, ID_COR, ID_VAR, ID_TAMANHO) VALUES (41,4,523,28);
INSERT INTO TB_VARIACAO_PRODUTO (ID_PRO, ID_COR, ID_VAR, ID_TAMANHO) VALUES (41,4,524,29);
INSERT INTO TB_VARIACAO_PRODUTO (ID_PRO, ID_COR, ID_VAR, ID_TAMANHO) VALUES (41,4,525,30);
INSERT INTO TB_VARIACAO_PRODUTO (ID_PRO, ID_COR, ID_VAR, ID_TAMANHO) VALUES (41,4,526,31);
INSERT INTO TB_VARIACAO_PRODUTO (ID_PRO, ID_COR, ID_VAR, ID_TAMANHO) VALUES (41,4,527,32);
INSERT INTO TB_VARIACAO_PRODUTO (ID_PRO, ID_COR, ID_VAR, ID_TAMANHO) VALUES (41,4,528,33);
INSERT INTO TB_VARIACAO_PRODUTO (ID_PRO, ID_COR, ID_VAR, ID_TAMANHO) VALUES (41,6,529,26);
INSERT INTO TB_VARIACAO_PRODUTO (ID_PRO, ID_COR, ID_VAR, ID_TAMANHO) VALUES (41,6,530,27);
INSERT INTO TB_VARIACAO_PRODUTO (ID_PRO, ID_COR, ID_VAR, ID_TAMANHO) VALUES (41,6,531,28);
INSERT INTO TB_VARIACAO_PRODUTO (ID_PRO, ID_COR, ID_VAR, ID_TAMANHO) VALUES (41,6,532,29);
INSERT INTO TB_VARIACAO_PRODUTO (ID_PRO, ID_COR, ID_VAR, ID_TAMANHO) VALUES (41,6,533,30);
INSERT INTO TB_VARIACAO_PRODUTO (ID_PRO, ID_COR, ID_VAR, ID_TAMANHO) VALUES (41,6,534,31);
INSERT INTO TB_VARIACAO_PRODUTO (ID_PRO, ID_COR, ID_VAR, ID_TAMANHO) VALUES (41,6,535,32);
INSERT INTO TB_VARIACAO_PRODUTO (ID_PRO, ID_COR, ID_VAR, ID_TAMANHO) VALUES (41,6,536,33);
INSERT INTO TB_VARIACAO_PRODUTO (ID_PRO, ID_COR, ID_VAR, ID_TAMANHO) VALUES (41,12,537,26);
INSERT INTO TB_VARIACAO_PRODUTO (ID_PRO, ID_COR, ID_VAR, ID_TAMANHO) VALUES (41,12,538,27);
INSERT INTO TB_VARIACAO_PRODUTO (ID_PRO, ID_COR, ID_VAR, ID_TAMANHO) VALUES (41,12,539,28);
INSERT INTO TB_VARIACAO_PRODUTO (ID_PRO, ID_COR, ID_VAR, ID_TAMANHO) VALUES (41,12,540,29);
INSERT INTO TB_VARIACAO_PRODUTO (ID_PRO, ID_COR, ID_VAR, ID_TAMANHO) VALUES (41,12,541,30);
INSERT INTO TB_VARIACAO_PRODUTO (ID_PRO, ID_COR, ID_VAR, ID_TAMANHO) VALUES (41,12,542,31);
INSERT INTO TB_VARIACAO_PRODUTO (ID_PRO, ID_COR, ID_VAR, ID_TAMANHO) VALUES (41,12,543,32);
INSERT INTO TB_VARIACAO_PRODUTO (ID_PRO, ID_COR, ID_VAR, ID_TAMANHO) VALUES (41,12,544,33);
INSERT INTO TB_VARIACAO_PRODUTO (ID_PRO, ID_COR, ID_VAR, ID_TAMANHO) VALUES (41,15,545,26);
INSERT INTO TB_VARIACAO_PRODUTO (ID_PRO, ID_COR, ID_VAR, ID_TAMANHO) VALUES (41,15,546,27);
INSERT INTO TB_VARIACAO_PRODUTO (ID_PRO, ID_COR, ID_VAR, ID_TAMANHO) VALUES (41,15,547,28);
INSERT INTO TB_VARIACAO_PRODUTO (ID_PRO, ID_COR, ID_VAR, ID_TAMANHO) VALUES (41,15,548,29);
INSERT INTO TB_VARIACAO_PRODUTO (ID_PRO, ID_COR, ID_VAR, ID_TAMANHO) VALUES (41,15,549,30);
INSERT INTO TB_VARIACAO_PRODUTO (ID_PRO, ID_COR, ID_VAR, ID_TAMANHO) VALUES (41,15,550,31);
INSERT INTO TB_VARIACAO_PRODUTO (ID_PRO, ID_COR, ID_VAR, ID_TAMANHO) VALUES (41,15,551,32);
INSERT INTO TB_VARIACAO_PRODUTO (ID_PRO, ID_COR, ID_VAR, ID_TAMANHO) VALUES (41,15,552,33);
INSERT INTO TB_VARIACAO_PRODUTO (ID_PRO, ID_COR, ID_VAR, ID_TAMANHO) VALUES (42,1,553,26);
INSERT INTO TB_VARIACAO_PRODUTO (ID_PRO, ID_COR, ID_VAR, ID_TAMANHO) VALUES (42,1,554,27);
INSERT INTO TB_VARIACAO_PRODUTO (ID_PRO, ID_COR, ID_VAR, ID_TAMANHO) VALUES (42,1,555,28);
INSERT INTO TB_VARIACAO_PRODUTO (ID_PRO, ID_COR, ID_VAR, ID_TAMANHO) VALUES (42,1,556,29);
INSERT INTO TB_VARIACAO_PRODUTO (ID_PRO, ID_COR, ID_VAR, ID_TAMANHO) VALUES (42,1,557,30);
INSERT INTO TB_VARIACAO_PRODUTO (ID_PRO, ID_COR, ID_VAR, ID_TAMANHO) VALUES (42,1,558,31);
INSERT INTO TB_VARIACAO_PRODUTO (ID_PRO, ID_COR, ID_VAR, ID_TAMANHO) VALUES (42,1,559,32);
INSERT INTO TB_VARIACAO_PRODUTO (ID_PRO, ID_COR, ID_VAR, ID_TAMANHO) VALUES (42,1,560,33);
INSERT INTO TB_VARIACAO_PRODUTO (ID_PRO, ID_COR, ID_VAR, ID_TAMANHO) VALUES (42,2,561,26);
INSERT INTO TB_VARIACAO_PRODUTO (ID_PRO, ID_COR, ID_VAR, ID_TAMANHO) VALUES (42,2,562,27);
INSERT INTO TB_VARIACAO_PRODUTO (ID_PRO, ID_COR, ID_VAR, ID_TAMANHO) VALUES (42,2,563,28);
INSERT INTO TB_VARIACAO_PRODUTO (ID_PRO, ID_COR, ID_VAR, ID_TAMANHO) VALUES (42,2,564,29);
INSERT INTO TB_VARIACAO_PRODUTO (ID_PRO, ID_COR, ID_VAR, ID_TAMANHO) VALUES (42,2,565,30);
INSERT INTO TB_VARIACAO_PRODUTO (ID_PRO, ID_COR, ID_VAR, ID_TAMANHO) VALUES (42,2,566,31);
INSERT INTO TB_VARIACAO_PRODUTO (ID_PRO, ID_COR, ID_VAR, ID_TAMANHO) VALUES (42,2,567,32);
INSERT INTO TB_VARIACAO_PRODUTO (ID_PRO, ID_COR, ID_VAR, ID_TAMANHO) VALUES (42,2,568,33);
INSERT INTO TB_VARIACAO_PRODUTO (ID_PRO, ID_COR, ID_VAR, ID_TAMANHO) VALUES (42,4,569,26);
INSERT INTO TB_VARIACAO_PRODUTO (ID_PRO, ID_COR, ID_VAR, ID_TAMANHO) VALUES (42,4,570,27);
INSERT INTO TB_VARIACAO_PRODUTO (ID_PRO, ID_COR, ID_VAR, ID_TAMANHO) VALUES (42,4,571,28);
INSERT INTO TB_VARIACAO_PRODUTO (ID_PRO, ID_COR, ID_VAR, ID_TAMANHO) VALUES (42,4,572,29);
INSERT INTO TB_VARIACAO_PRODUTO (ID_PRO, ID_COR, ID_VAR, ID_TAMANHO) VALUES (42,4,573,30);
INSERT INTO TB_VARIACAO_PRODUTO (ID_PRO, ID_COR, ID_VAR, ID_TAMANHO) VALUES (42,4,574,31);
INSERT INTO TB_VARIACAO_PRODUTO (ID_PRO, ID_COR, ID_VAR, ID_TAMANHO) VALUES (42,4,575,32);
INSERT INTO TB_VARIACAO_PRODUTO (ID_PRO, ID_COR, ID_VAR, ID_TAMANHO) VALUES (42,4,576,33);
INSERT INTO TB_VARIACAO_PRODUTO (ID_PRO, ID_COR, ID_VAR, ID_TAMANHO) VALUES (42,6,577,26);
INSERT INTO TB_VARIACAO_PRODUTO (ID_PRO, ID_COR, ID_VAR, ID_TAMANHO) VALUES (42,6,578,27);
INSERT INTO TB_VARIACAO_PRODUTO (ID_PRO, ID_COR, ID_VAR, ID_TAMANHO) VALUES (42,6,579,28);
INSERT INTO TB_VARIACAO_PRODUTO (ID_PRO, ID_COR, ID_VAR, ID_TAMANHO) VALUES (42,6,580,29);
INSERT INTO TB_VARIACAO_PRODUTO (ID_PRO, ID_COR, ID_VAR, ID_TAMANHO) VALUES (42,6,581,30);
INSERT INTO TB_VARIACAO_PRODUTO (ID_PRO, ID_COR, ID_VAR, ID_TAMANHO) VALUES (42,6,582,31);
INSERT INTO TB_VARIACAO_PRODUTO (ID_PRO, ID_COR, ID_VAR, ID_TAMANHO) VALUES (42,6,583,32);
INSERT INTO TB_VARIACAO_PRODUTO (ID_PRO, ID_COR, ID_VAR, ID_TAMANHO) VALUES (42,6,584,33);
INSERT INTO TB_VARIACAO_PRODUTO (ID_PRO, ID_COR, ID_VAR, ID_TAMANHO) VALUES (42,7,585,26);
INSERT INTO TB_VARIACAO_PRODUTO (ID_PRO, ID_COR, ID_VAR, ID_TAMANHO) VALUES (42,7,586,27);
INSERT INTO TB_VARIACAO_PRODUTO (ID_PRO, ID_COR, ID_VAR, ID_TAMANHO) VALUES (42,7,587,28);
INSERT INTO TB_VARIACAO_PRODUTO (ID_PRO, ID_COR, ID_VAR, ID_TAMANHO) VALUES (42,7,588,29);
INSERT INTO TB_VARIACAO_PRODUTO (ID_PRO, ID_COR, ID_VAR, ID_TAMANHO) VALUES (42,7,589,30);
INSERT INTO TB_VARIACAO_PRODUTO (ID_PRO, ID_COR, ID_VAR, ID_TAMANHO) VALUES (42,7,590,31);
INSERT INTO TB_VARIACAO_PRODUTO (ID_PRO, ID_COR, ID_VAR, ID_TAMANHO) VALUES (42,7,591,32);
INSERT INTO TB_VARIACAO_PRODUTO (ID_PRO, ID_COR, ID_VAR, ID_TAMANHO) VALUES (42,7,592,33);
INSERT INTO TB_VARIACAO_PRODUTO (ID_PRO, ID_COR, ID_VAR, ID_TAMANHO) VALUES (42,15,593,26);
INSERT INTO TB_VARIACAO_PRODUTO (ID_PRO, ID_COR, ID_VAR, ID_TAMANHO) VALUES (42,15,594,27);
INSERT INTO TB_VARIACAO_PRODUTO (ID_PRO, ID_COR, ID_VAR, ID_TAMANHO) VALUES (42,15,595,28);
INSERT INTO TB_VARIACAO_PRODUTO (ID_PRO, ID_COR, ID_VAR, ID_TAMANHO) VALUES (42,15,596,29);
INSERT INTO TB_VARIACAO_PRODUTO (ID_PRO, ID_COR, ID_VAR, ID_TAMANHO) VALUES (42,15,597,30);
INSERT INTO TB_VARIACAO_PRODUTO (ID_PRO, ID_COR, ID_VAR, ID_TAMANHO) VALUES (42,15,598,31);
INSERT INTO TB_VARIACAO_PRODUTO (ID_PRO, ID_COR, ID_VAR, ID_TAMANHO) VALUES (42,15,599,32);
INSERT INTO TB_VARIACAO_PRODUTO (ID_PRO, ID_COR, ID_VAR, ID_TAMANHO) VALUES (42,15,600,33);
INSERT INTO TB_VARIACAO_PRODUTO (ID_PRO, ID_COR, ID_VAR, ID_TAMANHO) VALUES (43,1,601,38);
INSERT INTO TB_VARIACAO_PRODUTO (ID_PRO, ID_COR, ID_VAR, ID_TAMANHO) VALUES (43,1,602,39);
INSERT INTO TB_VARIACAO_PRODUTO (ID_PRO, ID_COR, ID_VAR, ID_TAMANHO) VALUES (43,1,603,40);
INSERT INTO TB_VARIACAO_PRODUTO (ID_PRO, ID_COR, ID_VAR, ID_TAMANHO) VALUES (43,1,604,41);
INSERT INTO TB_VARIACAO_PRODUTO (ID_PRO, ID_COR, ID_VAR, ID_TAMANHO) VALUES (43,1,605,42);
INSERT INTO TB_VARIACAO_PRODUTO (ID_PRO, ID_COR, ID_VAR, ID_TAMANHO) VALUES (44,1,606,38);
INSERT INTO TB_VARIACAO_PRODUTO (ID_PRO, ID_COR, ID_VAR, ID_TAMANHO) VALUES (44,1,607,39);
INSERT INTO TB_VARIACAO_PRODUTO (ID_PRO, ID_COR, ID_VAR, ID_TAMANHO) VALUES (44,1,608,40);
INSERT INTO TB_VARIACAO_PRODUTO (ID_PRO, ID_COR, ID_VAR, ID_TAMANHO) VALUES (44,1,609,41);
INSERT INTO TB_VARIACAO_PRODUTO (ID_PRO, ID_COR, ID_VAR, ID_TAMANHO) VALUES (44,1,610,42);
INSERT INTO TB_VARIACAO_PRODUTO (ID_PRO, ID_COR, ID_VAR, ID_TAMANHO) VALUES (44,1,611,43);
INSERT INTO TB_VARIACAO_PRODUTO (ID_PRO, ID_COR, ID_VAR, ID_TAMANHO) VALUES (44,1,612,44);
INSERT INTO TB_VARIACAO_PRODUTO (ID_PRO, ID_COR, ID_VAR, ID_TAMANHO) VALUES (44,2,613,38);
INSERT INTO TB_VARIACAO_PRODUTO (ID_PRO, ID_COR, ID_VAR, ID_TAMANHO) VALUES (44,2,614,39);
INSERT INTO TB_VARIACAO_PRODUTO (ID_PRO, ID_COR, ID_VAR, ID_TAMANHO) VALUES (44,2,615,40);
INSERT INTO TB_VARIACAO_PRODUTO (ID_PRO, ID_COR, ID_VAR, ID_TAMANHO) VALUES (44,2,616,41);
INSERT INTO TB_VARIACAO_PRODUTO (ID_PRO, ID_COR, ID_VAR, ID_TAMANHO) VALUES (44,2,617,42);
INSERT INTO TB_VARIACAO_PRODUTO (ID_PRO, ID_COR, ID_VAR, ID_TAMANHO) VALUES (44,2,618,43);
INSERT INTO TB_VARIACAO_PRODUTO (ID_PRO, ID_COR, ID_VAR, ID_TAMANHO) VALUES (44,2,619,44);


CREATE TABLE `tb_item_compra` (
  `ID_COMPRA` decimal(10,0) NOT NULL,
  `ID_VAR` decimal(10,0) NOT NULL,
  `QTD_PEDIDA` decimal(10,0) NOT NULL,
  `VALOR_ITEM_PEDIDO` decimal(10,0) NOT NULL,
  CONSTRAINT `tb_item_compra_fk0` FOREIGN KEY (`ID_COMPRA`) REFERENCES `tb_compra` (`ID_COMPRA`),
  CONSTRAINT `tb_item_compra_fk1` FOREIGN KEY (`ID_VAR`) REFERENCES `tb_variacao_produto` (`ID_VAR`)
) ENGINE=InnoDB DEFAULT CHARSET=utf8;

CREATE TABLE `tb_estoque` (
  `ID_VAR` decimal(10,0) NOT NULL,
  `QTD_ESTOQUE` decimal(5,0) NOT NULL,
  `QTD_MIN` decimal(5,0) NOT NULL,
  KEY `tb_estoque_fk0` (`ID_VAR`),
  CONSTRAINT `tb_estoque_fk0` FOREIGN KEY (`ID_VAR`) REFERENCES `tb_variacao_produto` (`ID_VAR`)
) ENGINE=InnoDB DEFAULT CHARSET=utf8;
--
-- INSERE AS VARIAÇÕES NO ESTOQUE EXISTENTE DE 5 PARES E MINIMO DE 2 PARES
--
INSERT INTO TB_ESTOQUE (ID_VAR, QTD_ESTOQUE, QTD_MIN) SELECT ID_VAR, 5, 2 FROM TB_VARIACAO_PRODUTO;
